"","Year","Month","Minimum_temperature","Maximum_temperature","Rainfall_(mm)","Direction_of_maximum_wind_gust","Speed_of_maximum_wind_gust_(km/h)","Time_of_maximum_wind_gust","9am_Temperature","9am_relative_humidity_(%)","9am_wind_direction","9am_wind_speed_(km/h)","9am_MSL_pressure_(hPa)","3pm_Temperature","3pm_relative_humidity_(%)","3pm_wind_direction","3pm_wind_speed_(km/h)","3pm_MSL_pressure_(hPa)"
"1","2018","8",7.6,15.4,0,"NW",54,5880,10.9,54,"WNW",22,1018.7,14.7,32,"NW",19,1018.7
"2","2018","8",-3.8,14.3,0,"NNW",26,44580,3.3,87,"",0,1026.8,13.7,43,"NE",9,1021.9
"3","2018","8",-3.6,19.5,0,"NW",72,75360,3.7,84,"",0,1018.1,17.9,35,"NNW",39,1009.9
"4","2018","8",3.7,12.8,13.8,"NNW",54,17400,7.8,77,"NNW",24,1016.8,11.6,52,"WNW",22,1016.1
"5","2018","8",-1,15,0,"NW",43,44340,5,85,"",0,1018.4,14.6,48,"NW",24,1011.8
"6","2018","8",1.2,13.7,0,"NW",61,38880,9.2,72,"N",28,1005.4,10.9,44,"WNW",31,1003.5
"7","2018","8",2.4,9.7,6.6,"WNW",61,53520,4.9,90,"NW",30,1009.5,8.8,54,"WNW",44,1010.4
"8","2018","8",2.6,12.1,0,"WNW",70,45900,6.5,65,"NW",30,1014.9,9.9,60,"WNW",35,1013.7
"9","2018","8",1.6,13.7,0,"NNW",30,2400,6.3,94,"SSW",9,1024.3,12.9,50,"N",15,1022.2
"10","2018","8",-2.5,15.6,0.2,"NNW",43,44160,0.5,99,"",0,1023.6,14.9,42,"NW",28,1017.7
"11","2018","8",0.4,16.4,0,"NW",59,38880,8.9,63,"SE",7,1011.4,13.2,45,"NNW",37,1008.1
"12","2018","8",1.4,11.7,3,"WNW",46,50880,6.4,72,"W",17,1016.9,10.7,39,"WNW",31,1018.1
"13","2018","8",2.4,13.8,0,"WNW",52,51780,7.6,76,"NNW",26,1022.9,12.5,54,"WNW",35,1022.1
"14","2018","8",2.8,16.4,0,"N",44,49560,9.6,66,"NW",22,1025,14.9,49,"NNW",28,1020.5
"15","2018","8",5.6,16,0,"NNW",61,40140,9.9,62,"N",31,1015.9,13.9,46,"NW",37,1011.4
"16","2018","8",6.5,13.8,0,"WNW",56,22980,10.3,47,"WNW",20,1013.2,12.5,38,"WNW",30,1012.1
"17","2018","8",-5.5,13.4,0,"WNW",41,48720,2.7,74,"NNE",2,1017.2,10.7,40,"WNW",26,1014
"18","2018","8",-0.5,11.2,0,"NW",59,40920,9.1,55,"NNW",13,1011.3,8.5,72,"NW",22,1009.1
"19","2018","8",2.7,10.6,3.4,"W",52,52380,5.8,59,"NW",24,1013.2,8.9,44,"W",24,1014
"20","2018","8",-5.7,11.5,0,"NW",44,71160,2.6,71,"NNW",2,1022.4,10.4,49,"NNW",28,1018.7
"21","2018","8",2.6,12.8,0,"WNW",52,49380,7.7,68,"N",30,1016,10.7,52,"WNW",37,1012.5
"22","2018","8",1.7,14,0,"W",30,420,7.8,66,"WNW",7,1017.1,12.3,38,"N",9,1015.3
"23","2018","8",-1.5,12,0,"E",30,73140,5.3,81,"SE",7,1022.4,11.4,45,"NNE",13,1020.4
"24","2018","8",4.1,14.9,0,"E",37,66540,9.6,71,"ENE",7,1024.8,13.3,44,"ESE",7,1022.3
"25","2018","8",4.9,16.1,0,"N",43,57420,11.8,69,"NE",13,1023.3,15.1,57,"NW",9,1018.9
"26","2018","8",4.6,17.6,1.6,"WNW",31,55740,8.5,99,"N",9,1018.7,17,48,"WNW",22,1014.3
"27","2018","8",0.2,14,0,"S",35,32520,7.7,64,"SSE",19,1021.8,12,30,"SSE",19,1020.8
"28","2018","8",-3.4,12,0,"S",39,33240,5.4,51,"S",9,1023,10.2,31,"S",15,1018.1
"29","2018","8",-5,13,0,"SSW",35,33120,4.8,56,"WSW",6,1020.8,12.3,28,"NNW",13,1017.7
"30","2018","8",-6.4,14.8,0,"WNW",24,53640,3.6,61,"N",7,1021.5,13.4,27,"WNW",17,1017.5
"31","2018","8",3.6,12.1,0.4,"NNW",44,58620,6.7,81,"SSE",9,1008.2,7.4,99,"WNW",13,1001.2
"32","2018","9",6.1,15,12.4,"WNW",52,44160,12.1,66,"NW",28,1008.8,12.7,63,"NW",28,1009.7
"33","2018","9",2,13.7,0,"ENE",35,68580,8,66,"SSE",19,1019.2,13.1,36,"NW",15,1018.5
"34","2018","9",0.8,13.9,0,"E",37,67680,7.9,57,"SSE",11,1027.8,12.9,44,"E",15,1026.1
"35","2018","9",1.3,13.9,0,"ENE",39,48600,9.2,72,"ESE",19,1030.4,13.5,59,"ESE",17,1027.5
"36","2018","9",0.8,16.8,0.6,"NE",31,56520,8.7,80,"SW",2,1028.1,15.2,47,"NE",19,1022.5
"37","2018","9",2.9,14.4,0.2,"NW",35,70200,9.6,93,"",0,1020.9,12.2,78,"SSW",7,1015.7
"38","2018","9",9.4,18.6,24.6,"NNW",35,25560,14.2,74,"NW",20,1014,17.6,45,"NNW",22,1012.8
"39","2018","9",8.6,13.4,0,"NE",26,52140,9.9,76,"ESE",6,1017.9,11.9,71,"NNE",13,1016.1
"40","2018","9",0.9,16.8,0,"WNW",50,50340,10.6,54,"N",24,1020.4,15.3,43,"WNW",37,1018.5
"41","2018","9",0.9,19.7,0,"WNW",22,56040,9.9,74,"S",4,1026.8,18.9,42,"N",15,1023.8
"42","2018","9",2.2,21.4,0,"NW",44,45420,9.6,86,"ENE",2,1022.8,21.3,37,"NNW",31,1017.6
"43","2018","9",7.4,21.8,0,"NW",57,35400,17.5,47,"NNW",35,1015.7,19.1,37,"NW",33,1014
"44","2018","9",1.4,20.6,0,"N",28,51000,10.1,65,"WNW",4,1021,19.7,19,"NNW",19,1018.1
"45","2018","9",2.3,20.4,0,"N",46,54300,7.3,90,"N",7,1019.8,19.6,30,"NNW",31,1014.9
"46","2018","9",0.4,22.2,0,"NNW",72,40020,12.2,54,"ENE",6,1008.7,16.3,37,"WNW",28,1005
"47","2018","9",0.2,13.7,0,"WNW",39,1800,7.1,45,"W",19,1019.2,11.7,31,"NE",9,1018.3
"48","2018","9",-2.6,15.1,0,"NNW",41,51300,7,59,"NW",4,1025.2,14.5,34,"NNW",22,1020.6
"49","2018","9",-2.3,20.4,0,"NW",54,50040,10.2,51,"NW",6,1019.1,19.4,20,"NNW",33,1013.2
"50","2018","9",4.1,18.4,0,"NW",57,46260,16,32,"NW",24,1009.8,15.7,24,"WNW",31,1010.7
"51","2018","9",-2.9,17.5,0,"WNW",39,58860,8.3,51,"E",6,1020,16.4,27,"NNE",13,1018.1
"52","2018","9",-2.7,19.4,0,"NNW",35,52740,8.6,52,"WSW",4,1028.1,18.2,34,"N",24,1024.4
"53","2018","9",0.2,21.5,0,"NNW",41,53940,10.4,65,"NW",7,1027.8,19.5,36,"NNW",28,1023.1
"54","2018","9",-0.6,22.2,0,"E",52,60780,11.7,54,"",0,1026.6,21.6,25,"ENE",11,1021.8
"55","2018","9",3.7,15.9,0.4,"E",39,66780,9,52,"SSE",13,1031.2,15.2,37,"ESE",26,1027.1
"56","2018","9",-0.9,17.4,0,"E",41,66660,9.6,61,"W",7,1028.4,16.8,30,"NW",13,1022.5
"57","2018","9",7.3,15.3,0,"NE",33,46140,10.6,61,"SSE",15,1023.2,13.9,49,"ESE",17,1020.6
"58","2018","9",0,20.3,0,"NW",41,56280,8,77,"NW",9,1021.3,18.8,35,"N",28,1016.6
"59","2018","9",0.9,24.7,0,"NW",57,37080,18.1,37,"WNW",9,1016.4,23.1,26,"WNW",33,1012.6
"60","2018","9",5.4,15.8,0,"SSW",41,38460,11.5,27,"SW",20,1020.1,14.9,26,"S",11,1021.1
"61","2018","9",-2.6,18.8,0,"ENE",33,68160,9.6,50,"SW",7,1030.7,18.3,26,"W",11,1026.9
"62","2018","10",0.4,22.6,0,"N",39,46560,12.2,59,"NNE",6,1029.4,21.5,28,"NNW",22,1023.8
"63","2018","10",0,24.7,0,"WNW",39,47160,15,43,"N",6,1027.6,23,17,"N",20,1022.2
"64","2018","10",6.5,17.6,0,"NW",46,38880,13.8,60,"SSW",4,1020.2,14,84,"N",17,1017.2
"65","2018","10",9.1,14,1,"SE",39,69780,11.9,81,"S",17,1018.7,12.4,90,"SE",11,1017.1
"66","2018","10",8.2,16.4,1,"SE",50,31140,12.9,62,"SE",30,1024.7,15.3,47,"SE",26,1023.3
"67","2018","10",3.7,18.6,0,"SSE",43,38640,13,53,"SE",17,1025.2,18,34,"ESE",19,1021
"68","2018","10",2.3,21.2,0,"E",48,47460,11.2,66,"SSW",17,1024.3,20,37,"ESE",26,1020.4
"69","2018","10",8.5,23.5,0,"E",35,47100,13.8,67,"SSW",13,1020.3,21.8,42,"E",17,1016.2
"70","2018","10",5,24.2,0,"WNW",37,53880,12,80,"ESE",6,1016,23.8,28,"W",24,1011.7
"71","2018","10",10.9,13.2,1.8,"SE",50,41100,11,85,"SSE",19,1018.2,11.7,64,"SE",31,1019.4
"72","2018","10",6.2,14.7,0,"SE",41,40020,9.2,67,"SE",17,1024.5,13.4,53,"ESE",22,1023.3
"73","2018","10",6,16.8,0,"ESE",39,50940,10.7,71,"ESE",17,1027.6,15.7,48,"E",24,1024.8
"74","2018","10",5.7,21.3,0.2,"E",52,55020,10.9,87,"SE",9,1026.7,19.5,39,"ENE",24,1022.8
"75","2018","10",10.8,18,0,"E",44,34860,14.3,72,"E",20,1026.9,16,67,"E",22,1024.7
"76","2018","10",11.8,23.7,0,"NE",50,46320,15.2,69,"NE",19,1026,22.1,44,"NE",33,1021.8
"77","2018","10",14.8,26.1,0,"ENE",46,61200,17,68,"ENE",9,1022.4,25,44,"ENE",30,1017.7
"78","2018","10",11.6,22.9,0,"NW",37,52920,15.9,78,"",0,1017.3,21.8,52,"NW",15,1014.3
"79","2018","10",11.4,24.9,0.8,"NW",48,45660,15.1,84,"N",13,1017.6,23.4,37,"WNW",24,1014.9
"80","2018","10",5.5,27.8,0,"NNW",50,54600,15.5,62,"",0,1018.7,26.6,24,"NNW",22,1014.6
"81","2018","10",10.3,27.2,0,"NW",57,39960,17.4,56,"",0,1013.9,17.5,77,"ENE",13,1011
"82","2018","10",4.7,21.9,9.4,"ENE",35,67560,12,71,"E",7,1017.2,19.9,40,"NW",15,1014.3
"83","2018","10",8.8,25.5,0,"N",39,53160,13.9,72,"NNE",6,1018.2,24.8,27,"NNW",24,1014.4
"84","2018","10",4.6,28.9,0,"NNW",54,43020,14.1,58,"ESE",2,1015.9,27.2,18,"W",26,1011.9
"85","2018","10",9.9,21.4,0,"E",50,58140,13.6,69,"ENE",7,1020.2,19.8,39,"ENE",20,1018.5
"86","2018","10",8.8,25.2,0,"NW",37,48720,13.3,63,"NNE",11,1021.4,21.8,32,"WNW",17,1015.3
"87","2018","10",7.6,26.4,0,"WNW",43,58320,15.4,61,"NW",9,1017.1,25.9,21,"NW",28,1012.9
"88","2018","10",6.4,27.9,0,"WNW",52,49500,14.6,64,"NNW",7,1014.2,26.2,21,"WNW",35,1009.5
"89","2018","10",5.9,24.2,0,"ENE",41,64800,12.8,46,"SSE",9,1017.2,23,21,"WSW",9,1014
"90","2018","10",6,24.6,0,"ENE",50,62640,12.3,67,"S",13,1018.6,23.2,32,"NE",13,1015.6
"91","2018","10",8.4,29.1,0,"NW",50,41700,16,64,"NNW",11,1019,28,12,"WNW",28,1014.7
"92","2018","10",6.4,31.1,0,"W",41,46200,18.3,28,"",0,1020.3,30.6,12,"WNW",28,1016.8
"93","2018","11",8.1,34.2,0,"NNW",52,55380,17.7,66,"N",4,1022.4,31.2,20,"NNW",19,1016.7
"94","2018","11",17.4,33.4,0,"NW",74,48180,24.9,30,"NNW",28,1017.3,31.1,22,"NW",44,1010.6
"95","2018","11",15.9,27.5,1,"NNW",56,83700,19.6,30,"NW",28,1012.8,25.2,18,"WNW",31,1012.4
"96","2018","11",6.8,30.3,0,"N",54,50580,16.6,53,"NW",9,1015.1,28.1,18,"NNW",30,1009.1
"97","2018","11",11.8,27.5,0,"NW",57,55980,17.7,43,"S",7,1011.1,24.8,26,"NNW",37,1009.3
"98","2018","11",16,26.8,1.2,"NW",54,50880,19.2,81,"NNW",13,1009.2,24.4,56,"NW",35,1005.4
"99","2018","11",14.8,18.1,7.6,"NW",37,53040,17.4,91,"NNE",2,1004.8,13.7,95,"NNW",24,1004.5
"100","2018","11",4.1,19,9.8,"N",37,59160,10.1,60,"SSE",4,1015.3,15.8,33,"N",17,1015
"101","2018","11",3.6,20.8,0,"NW",52,44040,10.8,66,"N",6,1020.7,19,29,"W",26,1016.5
"102","2018","11",3.2,24.2,0,"E",43,70500,14.3,46,"",0,1018.7,21.3,22,"W",13,1015.7
"103","2018","11",5.6,26.5,0,"E",50,65880,14.7,57,"WSW",7,1020.8,25.8,23,"NW",17,1017.5
"104","2018","11",8.6,29.5,0,"NE",35,72300,16.6,52,"WSW",9,1022.7,27.8,18,"NE",7,1017.5
"105","2018","11",12.1,31.2,0,"NNW",48,51360,20,55,"WSW",6,1018,29,20,"NW",26,1013.9
"106","2018","11",16.5,22,0,"NNW",54,48960,16.9,85,"N",22,1015.7,17.2,90,"NW",35,1014.6
"107","2018","11",12.7,27.1,8.8,"NNW",48,42240,19.3,81,"WNW",4,1018.2,21.8,55,"NE",28,1016.5
"108","2018","11",11.4,23.7,0.2,"NE",35,67620,14.5,65,"SE",7,1021.2,22.2,35,"NE",9,1016.5
"109","2018","11",11,21.9,0,"ESE",46,60600,17.7,58,"SE",15,1019.3,20.8,42,"ENE",24,1018.6
"110","2018","11",10.7,22.2,0,"E",46,42180,15.5,51,"E",19,1023.4,21.1,40,"ENE",24,1020.5
"111","2018","11",10,26.1,0,"ENE",43,67860,15.9,48,"NNE",11,1021.6,23.2,22,"N",11,1016
"112","2018","11",9.7,30.2,0,"NNW",41,40260,18.3,62,"ESE",7,1013.2,28,25,"WNW",19,1006.2
"113","2018","11",16.3,23.7,12,"NW",54,40740,19.1,80,"NW",26,1001.2,22.6,58,"NW",26,999.4
"114","2018","11",9.6,15.2,22.4,"NW",74,48840,9.8,61,"NW",13,998.9,14.1,49,"NW",41,996.7
"115","2018","11",6.9,15.2,6.2,"WNW",72,60060,10.3,68,"NW",35,998.3,10.8,72,"WNW",31,1000.6
"116","2018","11",8.7,20.8,0.4,"W",57,54060,15.1,52,"WNW",24,1002.4,19.8,43,"WNW",35,1001.2
"117","2018","11",5.5,23.1,0,"SSW",50,53940,13.9,66,"WNW",9,1002.3,22.7,33,"WNW",15,998.7
"118","2018","11",8,23.8,1,"S",39,25020,15.3,57,"S",26,1005.9,21.2,34,"S",7,1004.7
"119","2018","11",11.9,24.2,0.2,"E",35,64680,16.7,64,"N",9,1006.4,23.8,31,"W",9,1002.7
"120","2018","11",13.6,18.2,7.8,"SE",48,46740,13.7,93,"SSE",20,1001.8,15.4,73,"SE",24,1003.7
"121","2018","11",10.8,23.4,3.8,"SSW",41,24780,15.9,60,"S",28,1010.7,22.2,33,"W",9,1009.2
"122","2018","11",13,25.9,0,"NW",46,42720,15.4,69,"NNW",4,1011.9,25.4,29,"WNW",26,1007.9
"123","2018","12",9,29.3,0,"NW",50,46320,17,68,"NW",9,1012,28,17,"NNW",30,1006.7
"124","2018","12",9.7,26.1,0,"WNW",72,32640,25,28,"NW",35,997.7,21.4,34,"WNW",31,1000.4
"125","2018","12",9.1,23.9,0,"W",59,46140,15.9,43,"W",28,1008.7,23.4,29,"WNW",37,1007.1
"126","2018","12",13,28.6,0,"E",50,59400,18.9,45,"W",7,1013.1,27.3,25,"NW",13,1012.4
"127","2018","12",14.2,24.7,0,"E",43,66720,16.1,69,"NE",13,1021.2,22.4,46,"NE",19,1018.8
"128","2018","12",12.1,29.3,0,"ENE",31,55980,15.9,72,"SE",2,1022.9,27.5,36,"NNE",11,1018.8
"129","2018","12",11.5,32.5,0,"NNE",33,72540,19.1,58,"SSE",6,1021.8,31.7,21,"N",11,1016.9
"130","2018","12",12.6,33.5,0,"NNW",37,37140,22.8,48,"WNW",6,1019.3,30.9,21,"WNW",19,1016.6
"131","2018","12",14.5,32.9,0,"SSW",41,49200,25.2,39,"S",4,1017.3,28.1,32,"SSE",19,1015.1
"132","2018","12",16,29,17,"N",52,54900,17.5,91,"NNE",9,1015.1,26.5,47,"N",28,1012.4
"133","2018","12",16.1,25,0,"E",37,58380,17.4,78,"NE",11,1018.1,22.9,58,"ENE",11,1015.2
"134","2018","12",14.9,28.4,0.6,"ENE",44,67980,16.9,66,"SE",7,1015.3,26.8,34,"NE",13,1009.4
"135","2018","12",16.8,24.4,28.6,"NW",81,62220,16.9,99,"SE",9,1001.3,23.6,68,"NW",11,997.9
"136","2018","12",15.1,23,33.2,"ENE",37,37080,18.7,81,"E",19,1001.8,22.2,62,"E",17,1001.7
"137","2018","12",16.1,26.4,9.2,"N",37,37500,21.3,78,"NNE",19,1006.2,25.6,35,"WNW",17,1004.1
"138","2018","12",13.6,27.8,0,"NW",52,49740,21.6,56,"WNW",11,1007.1,26.1,36,"NNW",30,1005.2
"139","2018","12",10.7,28.5,0,"E",39,72300,20.7,57,"NNW",4,1010.3,27.5,37,"WNW",22,1008.7
"140","2018","12",14.2,30.6,0,"E",50,57900,20.6,66,"ENE",9,1014.5,29,37,"NW",9,1010.7
"141","2018","12",17.8,29.3,0,"ENE",35,68640,18.5,80,"NNE",9,1014.7,26.3,52,"N",7,1010.6
"142","2018","12",17.1,33.3,0,"ESE",56,62880,22.7,68,"NW",2,1008.3,32.5,42,"NNW",15,1002.5
"143","2018","12",15.3,22.9,0,"SSW",39,82500,17.1,72,"SE",13,1007.8,21.9,60,"E",17,1005.5
"144","2018","12",11.1,22.5,16.2,"ESE",35,56580,13.4,67,"S",22,1012.5,21.2,36,"SSW",19,1012.5
"145","2018","12",7.6,23.6,1.6,"N",26,44880,14.5,57,"S",13,1020.5,21.6,37,"WSW",9,1018.6
"146","2018","12",9.5,28.6,0,"NNW",26,63180,17.5,63,"SW",7,1021,27.3,24,"WSW",11,1017.3
"147","2018","12",11.2,31.8,0,"E",35,70980,20.8,50,"ENE",2,1018.6,30.9,22,"WNW",13,1015.4
"148","2018","12",13.2,34.4,0,"WSW",41,50520,23.9,44,"NNE",4,1017.1,33.3,20,"W",19,1013.6
"149","2018","12",15,36.5,0,"NNW",37,46380,24.3,53,"E",2,1015.1,35,17,"W",19,1011
"150","2018","12",17.8,36.8,0,"W",56,45300,27.1,36,"",0,1013.5,33.8,20,"NW",24,1011.4
"151","2018","12",16.9,36.7,0,"ENE",48,61200,29.5,32,"NNW",20,1014.6,36.2,16,"NW",22,1012
"152","2018","12",16.7,34.5,0,"W",44,66420,21.8,60,"ESE",4,1015.5,33.7,14,"NW",31,1013.6
"153","2018","12",17.7,34.1,0,"W",57,46380,25.9,46,"SE",4,1013.9,29.8,29,"W",26,1011.5
"154","2019","1",13.7,35.3,0,"E",35,69660,23.8,49,"NNW",4,1012.7,33.7,26,"W",17,1009.1
"155","2019","1",18,35.9,0,"ENE",52,61260,25.1,57,"NNW",4,1011.1,33.8,24,"WNW",26,1007.7
"156","2019","1",18.4,35.3,0,"NE",37,69000,23.4,64,"ESE",6,1013.4,32.3,32,"NE",11,1009.8
"157","2019","1",17.2,38.1,0,"NW",46,45780,26.2,51,"NW",2,1013.2,36.3,24,"WNW",20,1008.8
"158","2019","1",21.1,36.7,0,"NNW",74,45600,31.1,36,"NW",30,1008.6,32.6,29,"WNW",35,1004.9
"159","2019","1",13.4,25,7,"E",43,69420,17,70,"SE",15,1015.9,24.3,44,"ENE",22,1015.2
"160","2019","1",14.8,24.1,0,"NE",33,54360,17.3,72,"ENE",9,1019.2,23.1,58,"NE",11,1016
"161","2019","1",16.8,30.7,11.2,"NNW",83,56460,20.2,86,"SSE",7,1013,29.6,44,"NNW",22,1008.2
"162","2019","1",13.7,30.7,9.4,"E",46,63660,18.6,84,"SW",2,1011.9,29.9,26,"NW",20,1009.9
"163","2019","1",16.4,27.5,0,"ENE",50,60420,19.8,71,"NNE",9,1016.7,26,52,"NE",13,1014.5
"164","2019","1",17.6,29.4,0,"N",70,48180,21.2,71,"NE",9,1018.2,21.5,67,"N",26,1014.6
"165","2019","1",13.7,34.2,2.2,"NNW",31,54000,22.1,69,"N",11,1016.2,33.5,32,"NNW",11,1014.2
"166","2019","1",16,29.1,0,"E",44,61080,22.3,38,"ESE",9,1019.6,27.9,44,"NE",20,1017.6
"167","2019","1",16,36.4,0,"NNW",46,52560,21.3,70,"NNE",4,1018,33.9,33,"NW",28,1013
"168","2019","1",18.7,40.1,0,"WNW",50,45360,27.8,45,"N",7,1013,39,10,"W",30,1009.5
"169","2019","1",20.1,41.6,0,"SSW",44,59100,29.5,37,"SSE",9,1011.7,39.6,10,"NW",11,1008.6
"170","2019","1",17.1,41.4,0,"NNW",52,56100,27.7,38,"SE",9,1012.2,39.6,19,"WNW",22,1007.9
"171","2019","1",20.5,40.1,11.2,"NNW",74,65280,25.1,53,"SSW",7,1012.3,39,21,"NNW",33,1007.5
"172","2019","1",21.4,36,1,"E",48,63660,24.5,74,"N",7,1015.4,33.9,32,"NW",13,1014.1
"173","2019","1",17.1,35.1,0,"ENE",48,64500,18.7,75,"ESE",13,1020.4,32.2,33,"NNE",6,1015.5
"174","2019","1",16.9,34.3,0,"NE",43,54300,22.1,68,"SE",4,1018.4,32.2,35,"N",26,1013.8
"175","2019","1",16.9,38.4,0,"NW",52,45540,24.6,55,"WSW",6,1015.6,36.6,25,"NW",24,1011.2
"176","2019","1",19.7,35.4,2,"E",52,47220,26.1,61,"NW",6,1012.3,24.2,73,"E",20,1010.9
"177","2019","1",14.9,32,4.2,"E",35,58080,19.3,76,"SE",9,1017,29.9,45,"ENE",11,1013.5
"178","2019","1",15.9,39.4,0,"NW",48,37200,22.4,71,"ESE",6,1013.9,37.2,24,"NNW",24,1009.3
"179","2019","1",20.5,41.5,0,"NW",63,54660,30.9,37,"SW",6,1009,40.7,17,"NW",26,1005.2
"180","2019","1",21.2,31.2,7.2,"WSW",50,47580,24.7,67,"N",9,1009.1,28.9,36,"W",24,1010.5
"181","2019","1",20,26.1,0,"E",28,18840,21.8,76,"ENE",13,1015.6,24.5,59,"W",20,1015.4
"182","2019","1",19.1,35.7,3.2,"ENE",39,70140,23.2,74,"N",4,1013.8,33.4,37,"NNW",19,1010.8
"183","2019","1",19,37.1,2.6,"N",69,61920,24.1,67,"SE",6,1012.8,35.3,26,"NNW",28,1008.3
"184","2019","1",22.2,35.2,0,"ENE",57,65940,28.1,41,"NW",26,1009.1,34.1,31,"WNW",31,1007.6
"185","2019","2",14.7,20.7,0,"ESE",41,43740,15.3,66,"SE",19,1020.5,20.3,55,"ENE",24,1019.7
"186","2019","2",15.1,29.5,0,"NNE",30,71040,19.1,77,"E",13,1020.1,26.5,52,"E",7,1016.6
"187","2019","2",15.9,35.8,0,"SE",41,66300,22.9,69,"NNW",7,1015.8,34.8,29,"NNW",24,1011.3
"188","2019","2",19.3,33.6,2.2,"S",63,71400,21.2,79,"NNE",13,1013.2,30.1,41,"W",15,1011.1
"189","2019","2",17.8,27,32,"SSW",41,57300,22,70,"SSE",13,1015.9,25.1,60,"SE",22,1014.6
"190","2019","2",18,29.9,2.8,"E",46,60840,22.5,71,"SE",7,1015.9,29,42,"NE",17,1013.3
"191","2019","2",16.8,31.1,0,"W",39,53820,21.5,67,"ESE",4,1014.7,30.3,39,"NW",20,1009.8
"192","2019","2",17.3,31.2,0,"WNW",52,54720,22.5,67,"NW",24,1007.8,28.3,28,"W",20,1004.4
"193","2019","2",15.8,24.4,5.4,"NW",76,54660,19.6,67,"NNW",24,1000.2,22.2,34,"WNW",41,997.6
"194","2019","2",5.5,24.9,0,"NNW",41,59580,13.5,56,"N",6,1008.3,22.9,31,"NW",20,1005.8
"195","2019","2",8.3,28.4,0,"NNW",52,55860,16.2,58,"NNW",7,1006.1,27.2,24,"NNW",31,1001.6
"196","2019","2",9.8,30.2,0,"NW",81,47100,21.7,34,"NNW",22,998.3,29.7,18,"WNW",44,994.9
"197","2019","2",11.6,23,0,"WNW",43,39360,15.3,35,"W",19,1005.5,21.6,20,"NW",17,1006.3
"198","2019","2",5.7,27,0,"E",35,71880,13.4,70,"WSW",7,1018.6,24.5,28,"W",13,1016
"199","2019","2",13.3,29.5,0,"E",44,67080,18.6,62,"E",7,1023.5,27.9,31,"SW",15,1019.8
"200","2019","2",10.9,29,0,"NNW",24,43020,17.8,66,"ESE",7,1021.2,27,30,"WNW",7,1016.2
"201","2019","2",10.5,33.3,0,"NW",41,47100,18.5,57,"SSW",6,1014.2,31.9,20,"NW",22,1010.3
"202","2019","2",13.6,36,0,"W",69,59580,20.7,56,"S",2,1010.1,35.2,17,"NW",31,1005
"203","2019","2",13.8,32.9,0,"ESE",50,62280,22,65,"W",6,1006,32.1,8,"W",26,1004.9
"204","2019","2",14.5,28.9,0,"ENE",46,67380,16.7,70,"NNW",9,1012.4,26.4,29,"NNW",13,1009.2
"205","2019","2",13.2,27.7,0,"E",43,63000,18.3,72,"ENE",7,1016.1,25.6,45,"NNE",17,1014.3
"206","2019","2",14.1,26,0,"NE",48,52080,16,67,"SE",13,1020.7,24.4,36,"SE",20,1018.4
"207","2019","2",8.9,27.2,0,"E",56,56580,15.7,66,"SE",13,1022.8,25.7,29,"ESE",30,1020.7
"208","2019","2",10.6,25.7,0,"SSE",39,55260,15.9,52,"SSE",22,1027.8,24.2,27,"SE",19,1026
"209","2019","2",9.5,28.9,0,"NNE",39,53520,16.6,60,"SSE",9,1027.8,27.3,31,"N",15,1023
"210","2019","2",10.4,32.6,0,"ESE",50,61740,16.9,68,"",0,1021.6,30.6,24,"WNW",15,1016.9
"211","2019","2",12.5,28.9,0.4,"ENE",43,65880,18.9,58,"ESE",15,1023.4,27.2,34,"E",19,1020.6
"212","2019","2",14,32.6,0,"E",35,60060,19.5,69,"",0,1024.3,30.7,25,"N",11,1019.8
"213","2019","3",14,30.3,0,"E",44,70380,19.7,68,"SE",9,1024.9,28.8,25,"NE",17,1022.5
"214","2019","3",14.7,30.9,0,"NNW",33,50220,20.9,62,"ESE",13,1025.3,28,30,"NNW",17,1021.3
"215","2019","3",12.7,32.3,0,"N",28,51060,18.7,67,"ESE",9,1024.3,31,25,"NW",7,1019.8
"216","2019","3",13.6,34.1,0,"SSW",35,57360,21.4,57,"S",6,1022,33.3,19,"NW",7,1018
"217","2019","3",15.3,29.4,0,"W",57,71040,21.5,56,"WSW",15,1017.7,25.9,40,"WNW",13,1013.7
"218","2019","3",15.9,22.6,0,"NNW",48,47340,19.4,74,"WNW",7,1009.4,21.4,51,"NW",31,1009.9
"219","2019","3",4.2,23.7,9.8,"E",39,68520,10,55,"SSE",19,1023.3,21.4,29,"NNW",11,1020.4
"220","2019","3",7.7,28.3,0,"WNW",39,42060,14.1,77,"",0,1020.9,25.6,37,"NNW",24,1017.4
"221","2019","3",14.1,29.5,0.2,"E",41,62400,18.1,82,"",0,1018.6,27.8,24,"WNW",17,1015.7
"222","2019","3",11.4,29.6,0.2,"WSW",59,67200,18,70,"",0,1015.1,27.5,33,"W",28,1010.3
"223","2019","3",9.9,29.6,0,"NNW",46,51600,16.9,72,"ESE",6,1011.5,29.3,28,"NW",24,1007.8
"224","2019","3",9.9,26.7,0.2,"WNW",52,35460,20.4,50,"NW",20,1007.2,25.6,24,"WNW",22,1006.9
"225","2019","3",13.6,23.4,0,"ENE",37,61260,14.7,74,"SE",7,1016.9,21.1,51,"NNE",17,1015.1
"226","2019","3",14.6,28.4,0,"ENE",35,54480,18.5,77,"",0,1014.1,26.2,38,"NW",19,1009.8
"227","2019","3",12.4,24.9,0,"ESE",37,70920,16.3,68,"SSW",24,1016,23,42,"ENE",11,1015.8
"228","2019","3",13.2,24.5,0,"SE",43,36960,18.2,65,"SSE",19,1020.5,22.5,45,"E",20,1019.3
"229","2019","3",14.6,23.1,0,"SSW",39,81960,18.1,71,"S",15,1018.6,21.9,46,"SE",20,1015.2
"230","2019","3",12.7,25.5,15.8,"SSE",54,42120,18.8,76,"SSW",28,1011.7,24.4,56,"ESE",30,1011.4
"231","2019","3",15.7,26,0,"SE",41,51720,18.7,78,"S",11,1014.5,25.2,46,"ESE",20,1012.3
"232","2019","3",12.2,28.8,0.2,"ENE",44,27660,17.2,83,"",0,1015.5,26.5,37,"S",9,1012.5
"233","2019","3",14.7,27.3,0.2,"E",28,62700,18.6,73,"SE",13,1017.4,26.2,45,"N",13,1014.5
"234","2019","3",16.7,22.5,0,"SW",26,45600,18.8,76,"SSE",6,1017.5,20.7,64,"WSW",9,1015.8
"235","2019","3",10.1,24.6,1,"WSW",15,38340,14.1,96,"",0,1014.7,24,50,"N",6,1011.4
"236","2019","3",14,27.5,0,"NW",54,79740,16.5,90,"N",11,1014.7,25.3,46,"NW",20,1010.6
"237","2019","3",16.5,22.5,0.6,"NW",69,37320,16.9,89,"NW",39,1008,19.7,68,"NW",35,1006.3
"238","2019","3",8,22.6,0,"WNW",56,26040,12.8,40,"NW",31,1014.2,21.1,23,"NW",24,1014.9
"239","2019","3",4.2,22.9,0,"ENE",31,66540,10.5,69,"SE",15,1024.2,21.8,38,"NE",17,1021
"240","2019","3",6.8,26.4,0,"NW",37,54360,13,89,"SE",7,1020.6,24.9,41,"NNW",22,1016.1
"241","2019","3",12.2,25,1,"NNW",44,51720,16.3,93,"N",11,1014.3,23.2,57,"N",22,1008.9
"242","2019","3",13.3,16.4,45.2,"WNW",69,53700,14.8,98,"N",7,1002,13.9,44,"WNW",35,1002.1
"243","2019","3",3.1,16.9,1.8,"NW",48,52320,9.8,58,"WNW",13,1013.4,16.2,48,"WNW",28,1014.1
"244","2019","4",3,19.4,0,"ENE",31,50880,8.4,89,"",0,1023.4,17.2,59,"NE",19,1023.6
"245","2019","4",7.2,22.7,0,"NE",24,66120,11.7,89,"N",4,1029.3,21.3,49,"NNW",13,1025.3
"246","2019","4",7.9,24.6,0,"E",37,69720,12.2,99,"",0,1028,23.7,42,"WNW",15,1025.4
"247","2019","4",12.2,22.5,0,"SE",31,68520,16.1,62,"SSE",7,1031,20.8,52,"E",17,1029.3
"248","2019","4",13.9,21,0,"NE",26,34320,15.2,77,"ENE",15,1031.1,19.4,57,"NE",13,1026.7
"249","2019","4",9.6,25.2,0,"NNW",44,53940,14.8,95,"NNW",13,1022.8,22.7,49,"NNW",22,1019.2
"250","2019","4",7.6,24.9,0,"NW",41,50760,13.2,99,"SE",2,1020.6,24.4,26,"NW",26,1016.1
"251","2019","4",6.3,24.8,0,"NW",48,49380,16,56,"SW",2,1017.3,23.5,28,"NW",33,1014.1
"252","2019","4",13,20.9,0,"WSW",50,46680,18.4,47,"WNW",28,1012.6,18.7,34,"WNW",28,1013.7
"253","2019","4",0.5,18.5,0,"SSW",28,46860,10.1,56,"SE",15,1025.3,17.9,35,"W",11,1022.6
"254","2019","4",1.6,20.1,0,"E",33,69360,10.2,71,"",0,1027.1,19.5,39,"WNW",6,1023.2
"255","2019","4",10.2,21.8,0,"W",30,51540,14.3,66,"ENE",6,1027,19.8,46,"WNW",11,1022.5
"256","2019","4",4.7,23.2,0,"ESE",30,60720,13.6,61,"ESE",6,1025.3,21.7,34,"ESE",11,1021.8
"257","2019","4",10.5,21.5,0,"ENE",30,60660,15.6,63,"SE",11,1026.8,21.2,46,"ENE",13,1022.8
"258","2019","4",6.1,22.2,0,"NE",28,54060,13.8,72,"SSW",4,1026,21.8,39,"NNW",13,1022.2
"259","2019","4",6.9,23.9,0,"W",20,55440,13.6,75,"SE",9,1027.5,22.3,35,"NW",9,1023.2
"260","2019","4",7.2,24.3,0,"WSW",26,45000,14.5,79,"SSW",9,1027.1,23.9,29,"NW",11,1023
"261","2019","4",6.3,26.1,0,"W",33,53400,14.9,69,"",0,1026.5,25.5,30,"W",24,1023.9
"262","2019","4",13.7,24.9,0,"NNW",20,52680,15.4,79,"",0,1030.1,24.3,42,"NW",9,1025.6
"263","2019","4",9.8,25.8,0,"E",26,69300,15.4,84,"",0,1028,25.7,35,"SW",13,1023.2
"264","2019","4",8.8,24,0,"NW",28,44460,16.7,79,"WSW",7,1025.5,23,52,"WNW",11,1022.1
"265","2019","4",11.7,25.1,0,"ESE",46,51840,18.9,70,"WSW",6,1023.4,17.4,82,"SW",11,1022.1
"266","2019","4",10.1,23.7,10,"E",33,69420,15.1,87,"S",11,1028.9,22.7,51,"SSE",9,1024.9
"267","2019","4",10,24,0,"NW",28,48360,16.1,84,"NNW",4,1026.4,22.3,51,"NW",17,1021.7
"268","2019","4",8,24.6,0,"NNW",33,45540,14.9,78,"",0,1022.3,22.6,50,"W",22,1018
"269","2019","4",10,19.2,0,"WNW",59,38160,15.7,57,"NW",20,1016.2,16.8,46,"WNW",22,1013.3
"270","2019","4",1,16.7,0,"N",35,57660,8.5,60,"SE",11,1024.9,15.9,34,"NNW",22,1021.3
"271","2019","4",0.2,19.1,0,"NNW",39,53280,8.9,64,"N",7,1022.8,18,40,"NNW",28,1019.7
"272","2019","4",1.6,21.2,0,"NNW",20,48060,10.3,69,"SSE",7,1026.4,20.5,31,"NNW",9,1022.2
"273","2019","4",4.4,22.6,0,"NNW",39,54720,11.5,93,"",0,1022.2,22.2,36,"NW",20,1017.8
"274","2019","5",6.5,20.8,0,"NNW",33,39480,12.4,80,"NNW",6,1022,20.1,61,"WNW",13,1021.3
"275","2019","5",8.8,23.8,0,"NNW",26,57060,16,84,"ESE",4,1026.6,22.4,57,"NW",11,1022.5
"276","2019","5",15.2,20.4,20.8,"NNW",43,30540,15.8,99,"NNW",24,1019.1,18.9,75,"N",33,1015.8
"277","2019","5",5,19,0.6,"SSE",41,68040,10.9,82,"",0,1018.1,16.6,47,"WNW",22,1015.6
"278","2019","5",4.9,17.4,0,"S",48,54120,12.7,65,"S",24,1021,14.9,58,"S",33,1019.4
"279","2019","5",2.2,16.6,0,"N",30,58320,11.1,66,"",0,1021.1,16,54,"NNW",15,1016.6
"280","2019","5",0,15.5,0,"NNW",48,55980,5.5,99,"",0,1017.5,14.4,53,"NNW",30,1013.5
"281","2019","5",1.4,13.1,1.8,"WNW",54,45060,9.5,76,"NW",19,1012.5,11.2,54,"WNW",28,1014.4
"282","2019","5",0.8,14.4,0,"N",39,46020,8.4,86,"NNW",4,1019.8,13.7,52,"NNW",24,1015.5
"283","2019","5",3.4,11,0,"NW",46,49800,8.4,84,"SSW",11,1013.9,7,94,"NNW",17,1012.6
"284","2019","5",4.4,16.2,10.4,"NNW",31,51540,10.1,72,"WNW",11,1020.1,15,60,"NW",17,1021.1
"285","2019","5",0.2,12,0.2,"NNE",15,45540,4.7,99,"SE",4,1029.7,11,73,"SE",7,1027.8
"286","2019","5",0.7,17.3,0.2,"NNW",30,47640,6.6,99,"",0,1031,16.7,48,"NW",19,1027
"287","2019","5",0.3,18.1,0,"NW",19,54180,5.5,90,"NNW",7,1029.7,17.6,35,"NNW",13,1027.3
"288","2019","5",-1.6,17.5,0,"NNW",19,49740,5.8,78,"SE",6,1032.3,17,28,"NNW",13,1029
"289","2019","5",2,19,0,"W",19,50580,9.6,78,"",0,1030.9,18.6,44,"W",7,1026.5
"290","2019","5",0.3,19.1,0,"NW",33,48600,7,85,"ESE",4,1029.8,18.8,44,"NNW",17,1026.6
"291","2019","5",-0.1,19.2,0,"SE",19,79800,7.7,82,"SSE",9,1032.6,18.9,31,"WSW",9,1029.4
"292","2019","5",3.6,18.9,0,"NNW",17,49560,10.3,86,"SSW",4,1033.4,17.8,52,"NW",13,1029
"293","2019","5",4.6,19.4,0,"NNW",35,56160,8.4,91,"",0,1029.1,18.9,51,"NNW",20,1024.5
"294","2019","5",5.7,21.3,0,"NW",37,51420,14.8,72,"N",17,1026.3,19.2,55,"NNW",28,1024.5
"295","2019","5",3.4,20.7,0,"N",20,47280,9.6,85,"",0,1029.9,19.9,43,"NW",13,1027.1
"296","2019","5",6.8,19.4,0,"NW",28,50940,10.9,86,"SSE",9,1030.6,18.8,49,"NNW",19,1026.2
"297","2019","5",-0.3,17.4,0,"NNW",26,55260,4.9,99,"NNE",7,1026.2,16.7,49,"NNW",17,1022.5
"298","2019","5",1.8,20,0,"NW",44,45780,8.7,85,"",0,1021.6,18.5,48,"WNW",22,1016.8
"299","2019","5",8.6,14.4,8,"WNW",46,14580,11.1,79,"NW",20,1015.3,13.3,45,"NW",26,1014
"300","2019","5",5.8,9.1,0.4,"NNW",63,28740,5.8,78,"WNW",26,1009,7.4,59,"WNW",37,1008.6
"301","2019","5",4.2,10.4,0.4,"NW",61,69180,6.6,67,"NNW",31,1013.9,7.2,84,"NNW",33,1011.2
"302","2019","5",6.5,9.8,1.2,"NW",69,32160,7.6,89,"NNW",46,1004.6,9.2,60,"WNW",31,1004.3
"303","2019","5",1.1,11,2.2,"WSW",37,57780,4.9,69,"N",9,1017.8,10.6,43,"NW",20,1017.7
"304","2019","5",-2.7,12,0,"N",31,43920,3.5,93,"SSW",4,1024.1,11.4,64,"N",22,1023.1
"305","2019","6",-0.7,15.2,0.2,"S",30,48180,4,99,"",0,1030.1,14.7,51,"SSW",11,1028.7
"306","2019","6",-1.6,15.7,0,"NNW",30,50880,4.2,90,"",0,1029.3,14.9,51,"NNW",20,1023.7
"307","2019","6",2.9,11.4,0.4,"S",57,83220,7.6,87,"N",11,1017.1,8.7,64,"NW",17,1013.5
"308","2019","6",4.4,11.4,3.6,"S",69,21900,6.5,67,"S",39,1019.3,9.7,59,"SSW",37,1020.7
"309","2019","6",3.3,12.3,0,"S",46,240,7.8,63,"S",19,1029.5,11.6,50,"SSE",13,1028
"310","2019","6",-3.9,14.6,0,"W",19,58080,1.6,95,"NE",4,1032.6,13.9,47,"NW",13,1031.2
"311","2019","6",-1.3,17,0.2,"SE",17,15300,5.5,87,"S",6,1038.4,16.5,44,"NNW",7,1034.9
"312","2019","6",-0.1,11.2,0,"NNW",20,57000,4.1,99,"N",4,1033,10.3,78,"",0,1029.3
"313","2019","6",0.6,16,0,"NW",28,57420,4.6,100,"",0,1026.9,14.3,70,"NNW",17,1022.7
"314","2019","6",4.5,14.5,0.4,"NNW",54,33240,10.9,99,"NNW",37,1020.3,12.7,85,"NW",17,1017.8
"315","2019","6",3.8,16.3,2.8,"NW",26,720,8.1,99,"SE",7,1026.6,15.9,48,"NW",13,1025
"316","2019","6",0.6,17.4,0,"NNW",50,69060,5.8,100,"E",2,1023.5,16,64,"NNW",30,1019.7
"317","2019","6",5.8,16.5,1.8,"NW",39,39600,12,99,"NNW",20,1017.8,14.7,55,"WNW",24,1016.3
"318","2019","6",-2.2,14.5,0,"WNW",30,54780,2.4,98,"ESE",7,1022.2,14,47,"WNW",17,1019.1
"319","2019","6",-1.4,13.7,0,"NW",19,54900,2.7,99,"SE",6,1023.7,13.4,60,"NNW",11,1021.2
"320","2019","6",-0.8,13.2,0.2,"NNW",17,7860,4,99,"N",2,1024.9,12.7,55,"",0,1021.3
"321","2019","6",1.1,15.6,0,"SE",26,34560,6.1,85,"",0,1024.5,14.2,54,"SSW",7,1022.2
"322","2019","6",0.5,13.7,0,"NW",37,51300,4.9,99,"E",6,1022.1,11.5,59,"NW",24,1018.9
"323","2019","6",-2.7,11.9,0.4,"WNW",26,43260,2.2,95,"",0,1024.1,11.2,44,"NW",9,1022.5
"324","2019","6",-4.4,11,0,"N",31,52140,1.5,83,"SSW",2,1026.5,9,48,"NNW",15,1022.3
"325","2019","6",-4.9,11.4,0,"S",37,50820,-0.5,99,"SSW",4,1025.5,10.5,40,"S",24,1024.2
"326","2019","6",-1.5,11.5,0,"S",35,35580,5.4,70,"N",2,1029,10.8,44,"SSE",15,1026.9
"327","2019","6",-3.8,10.8,0.2,"SSW",39,43440,6,75,"SE",15,1029.5,9.8,57,"S",28,1028.3
"328","2019","6",-0.8,13.6,0,"ESE",33,47100,6.3,81,"SE",9,1034.1,11.8,55,"ESE",20,1032.5
"329","2019","6",-2.2,15.9,0,"SSE",19,2220,4.1,89,"N",6,1036.6,14.8,49,"ESE",2,1033.7
"330","2019","6",0.4,15,0,"E",22,52020,7.3,80,"SW",7,1038.7,14.4,46,"E",9,1035.6
"331","2019","6",0.4,15.9,0,"SE",17,5400,6.4,99,"SSE",6,1037.7,15.2,55,"NE",7,1033.6
"332","2019","6",-1.1,16.7,0.4,"NNW",30,48840,1.9,99,"",0,1034.2,15.8,49,"NNW",17,1029.3
"333","2019","6",-1.7,16.6,0,"N",54,74340,4.4,99,"",0,1027.8,15.1,56,"NNW",24,1019.5
"334","2019","6",4.3,11.3,7.4,"NNW",46,9420,6.9,82,"N",17,1021.3,10.2,49,"NNW",26,1021.3
"335","2019","7",-4.7,12.5,0.2,"N",31,61140,0.6,90,"N",4,1026.9,11.1,50,"NNW",11,1022.1
"336","2019","7",-3.6,15,0,"NW",37,54300,0.6,96,"NE",2,1023,14.1,34,"NW",26,1020.5
"337","2019","7",-3.1,15.6,0,"E",30,65880,4.9,84,"",0,1031.3,13.2,55,"N",15,1030.7
"338","2019","7",2.5,13.3,0,"E",35,44820,9,76,"ESE",7,1038.1,12.2,66,"SE",19,1036.7
"339","2019","7",0,15.8,0,"E",33,54660,6.5,98,"E",7,1039.2,12.8,79,"E",13,1036
"340","2019","7",4.6,15.6,0.2,"NE",26,51420,8.5,99,"SSW",6,1038,14.8,51,"ENE",11,1034.5
"341","2019","7",0.2,15.3,0.2,"NNW",17,56760,8.9,83,"",0,1034.6,14.6,60,"NW",7,1030.5
"342","2019","7",7.3,15.9,0,"NW",35,55020,10.1,96,"NNW",15,1026.3,14.9,58,"WNW",26,1022.4
"343","2019","7",-1.2,13.4,0,"WNW",39,54120,3.9,90,"SE",6,1022.6,12,48,"WNW",28,1018.9
"344","2019","7",3.9,10.8,0,"NNW",57,85440,7.9,83,"NNW",19,1019.1,9.5,64,"NNW",28,1015.4
"345","2019","7",6,10.6,0.8,"NW",61,6600,7.8,67,"NNW",22,1012.9,8.5,66,"NNW",37,1011.9
"346","2019","7",7.7,13.1,0,"NW",69,47100,10.1,67,"NW",31,1012.8,10.6,77,"NW",48,1010.4
"347","2019","7",3.2,8.7,2.8,"NNW",65,1740,4.9,70,"NNW",35,1013.4,7.4,61,"WNW",35,1015.6
"348","2019","7",1,8.6,0,"NW",63,63120,4.7,70,"NW",31,1022,6.1,69,"NNW",28,1018.1
"349","2019","7",4.6,12.8,0.2,"WNW",54,1140,8.3,62,"W",11,1018,12.2,46,"WNW",28,1018.4
"350","2019","7",-2.1,14,0,"NW",46,35220,5,86,"S",4,1021.2,13.2,47,"WNW",30,1019.5
"351","2019","7",4.4,12.5,0,"WNW",54,47940,9.4,66,"NNW",13,1020.1,11,50,"WNW",35,1015.8
"352","2019","7",5.9,13,0,"NW",46,52200,9.4,55,"WNW",19,1016.6,11.9,52,"NW",33,1016.6
"353","2019","7",2.3,13.3,0,"N",37,40980,7.8,75,"NW",20,1021.4,12.3,62,"N",26,1021.2
"354","2019","7",-0.7,12.7,0,"NNW",28,54900,2.6,95,"ESE",9,1025.3,12.5,61,"NNW",17,1021
"355","2019","7",-4.7,15.8,0,"NW",44,47400,2.5,99,"SW",4,1019.8,15.2,43,"NNW",30,1015.8
"356","2019","7",-1.6,17.3,0,"N",31,48120,4.8,80,"",0,1019.4,16.6,33,"NW",22,1015.6
"357","2019","7",-2.4,16,0,"WNW",59,53280,10,58,"NNW",30,1017.2,14.5,46,"WNW",37,1015.6
"358","2019","7",7.8,13.5,0,"WNW",57,2880,9.3,53,"WNW",22,1020.6,12.9,46,"NNW",28,1021.3
"359","2019","7",-5.1,15.7,0,"NW",24,56520,1.9,85,"S",9,1028.6,15.5,36,"NNW",11,1024.6
"360","2019","7",-1.8,11.1,0,"NW",19,52080,2,93,"NNE",2,1023.8,11,68,"WNW",9,1021.8
"361","2019","7",0.2,16.2,0.2,"WNW",28,61500,4.4,100,"E",7,1025.8,15.5,48,"NW",19,1022.9
"362","2019","7",-3.3,14.3,0,"NNW",31,54540,3.3,97,"N",2,1028,13.3,51,"NNW",19,1023.8
"363","2019","7",-2.4,14.2,0,"NW",37,46560,3.3,89,"N",6,1023.4,11,73,"NNW",22,1020.2
"364","2019","7",-1.4,13.6,0.2,"SSE",31,37980,6.5,80,"SE",15,1026.4,12.7,35,"SSW",7,1025.5
"365","2019","7",-2.8,13.7,0.2,"WNW",19,47400,4.6,74,"SE",11,1033.1,13.2,44,"W",11,1029.8
"366","2019","8",-3.8,14.6,0,"NW",28,46500,2.4,83,"N",4,1032,14.1,48,"NW",20,1028.7
"367","2019","8",0,15.2,0,"NNW",30,49140,6.8,73,"N",6,1032.8,14.9,39,"NNW",19,1029.3
"368","2019","8",-0.9,13.3,0,"N",33,58980,4.6,98,"NW",9,1030.9,12.3,57,"N",20,1027
"369","2019","8",0.4,13.6,0,"NW",24,61200,1.4,93,"SE",7,1031.1,12.3,53,"NNW",15,1026.9
"370","2019","8",0.9,11.9,0,"N",33,47880,5.9,93,"",0,1026.4,11,55,"N",20,1023.5
"371","2019","8",-2.5,12.9,0,"N",35,67440,2.5,97,"NE",7,1023.1,12.3,49,"NNW",22,1018.3
"372","2019","8",-5,16,0,"NW",43,48120,3,90,"",0,1016.2,14.4,32,"NNW",31,1010.9
"373","2019","8",-3.5,12.6,3.2,"WNW",63,55440,5.7,93,"NW",17,1005.1,10.3,55,"NW",31,1002
"374","2019","8",4.1,8.7,6.6,"NNW",72,10260,5,89,"NNW",35,999,7,63,"NW",35,1000.2
"375","2019","8",0.8,8.8,3,"W",52,50580,3.5,87,"NNW",19,1002.3,6.9,63,"NW",30,1001
"376","2019","8",2,10.7,1.6,"NNW",46,16980,4.1,88,"NNW",26,1002.2,8.8,54,"WNW",26,1005.1
"377","2019","8",-1.6,13,0,"NW",35,55320,4.8,75,"NW",9,1020.7,12.2,52,"NNW",24,1020.3
"378","2019","8",-1.7,12.7,0,"N",31,55860,3,92,"SE",2,1027.7,11.9,55,"NNW",19,1025.1
"379","2019","8",-4.1,10.2,0,"N",24,54240,0.9,99,"",0,1030.9,9.1,60,"NNW",13,1027.4
"380","2019","8",-3.2,15.3,0.2,"NNW",46,59640,6.9,71,"ENE",9,1027,14.5,28,"WNW",31,1022.5
"381","2019","8",-2.8,18.3,0,"NW",52,48840,5.5,76,"",0,1021.6,16.5,30,"NNW",31,1016.5
"382","2019","8",0.3,17.8,0,"E",37,70140,9.5,61,"SE",11,1021.4,16.2,35,"SE",2,1019
"383","2019","8",-1.1,18.9,0,"NW",70,71160,4.9,99,"",0,1019.1,18.4,36,"NW",15,1011.8
"384","2019","8",2.6,9.4,2.4,"WNW",56,47700,5.7,73,"NW",26,1016.3,8.5,49,"WNW",31,1019
"385","2019","8",2.7,13.2,0,"WNW",61,74340,7.7,63,"NW",30,1024,10.5,54,"NW",37,1022
"386","2019","8",6.8,16.6,0,"W",52,81600,12.3,56,"W",30,1017,16.1,38,"WNW",30,1015.6
"387","2019","8",9,16.1,0,"W",54,10800,13.5,42,"SW",24,1013.9,14.2,27,"SSE",28,1016.6
"388","2019","8",-5.2,14.7,0,"NNW",31,54180,3.3,64,"",0,1028.4,13.6,30,"NNW",19,1024.4
"389","2019","8",-5.2,17.4,0,"NW",56,49740,8,60,"",0,1022.1,16.4,32,"NW",31,1017.3
"390","2019","8",0.1,18.3,0,"N",46,52560,11.7,43,"N",15,1018.1,16.1,27,"NNW",33,1017.4
"391","2019","8",5.1,13.7,0,"NE",26,60780,8.5,67,"S",11,1024.5,11.8,56,"ESE",9,1022
"392","2019","8",5,13.2,0.8,"NE",20,67440,7.3,88,"SE",9,1025.5,12.7,57,"",0,1022.3
"393","2019","8",1.6,17,0,"WNW",44,55440,7.8,88,"NNW",9,1022.8,15.7,31,"WNW",28,1017.5
"394","2019","8",0.7,13.8,0,"SSE",41,37500,7,62,"S",19,1025.9,12.4,42,"ESE",19,1024.6
"395","2019","8",1.3,14.5,0,"SE",39,40920,8,63,"S",17,1029.3,13,46,"ESE",13,1026.5
"396","2019","8",0.6,17.2,0,"NNE",26,47640,8.7,70,"SE",13,1028.4,16.2,37,"WNW",6,1022.8
"397","2019","9",-2.3,19.8,0,"NW",39,51480,7.1,70,"NNE",4,1024.1,17.9,25,"NW",20,1018.2
"398","2019","9",0.5,19,0.2,"NW",28,63240,10,68,"NW",7,1020.7,18.1,33,"WNW",11,1017.7
"399","2019","9",2.9,21.7,0,"NW",41,52740,11.7,58,"NW",6,1019.2,21.2,28,"NNW",28,1014.6
"400","2019","9",-0.3,22.2,0,"NW",48,49500,9.6,63,"W",9,1017.3,19.4,26,"WNW",31,1014.4
"401","2019","9",1.5,21.2,0,"SW",31,55980,10.9,55,"S",7,1016.8,20.4,33,"SW",13,1013.4
"402","2019","9",5.7,20.1,0,"W",69,54720,14.2,65,"N",4,1004.7,14,53,"NW",37,1000.7
"403","2019","9",5,11.8,3.8,"WNW",69,52860,8.3,61,"WNW",33,1008.7,9.9,52,"WNW",37,1008.2
"404","2019","9",4,13.4,0,"WNW",57,53520,9.1,47,"WSW",24,1014.2,10.8,52,"WNW",37,1011.7
"405","2019","9",3.7,14.1,0,"SSW",69,48840,9.3,43,"W",17,1012.6,12.8,29,"S",46,1014.8
"406","2019","9",-0.5,16.3,0,"SSW",35,28500,7.6,50,"SSW",24,1026.4,15.5,24,"NW",15,1024.5
"407","2019","9",-3.1,19.4,0,"NNW",30,59160,7.3,68,"NNW",7,1031.5,18.6,28,"NW",17,1027.4
"408","2019","9",-0.9,19.2,0,"NW",50,55140,12.1,51,"N",22,1024.6,18.3,26,"WNW",28,1019.3
"409","2019","9",-2.8,22.3,0,"N",50,53460,9.3,55,"W",2,1025.2,21.4,17,"N",35,1019.8
"410","2019","9",-0.5,21.8,0,"NNW",35,52200,12.1,49,"",0,1024.6,20.1,27,"NNW",22,1021.3
"411","2019","9",-0.4,24,0,"NW",43,50640,11.1,50,"NNW",4,1024.4,22.9,17,"NNW",31,1019.8
"412","2019","9",5.4,24.7,0,"NNW",46,40980,20,17,"NNW",20,1016.1,19.5,37,"WSW",24,1015.3
"413","2019","9",0.8,11.3,32,"SE",50,50400,5.6,82,"SSE",19,1024.3,9.5,70,"SE",30,1024.8
"414","2019","9",1.5,15.9,0,"SE",35,35400,10.6,59,"SSE",15,1029.3,13.1,60,"ESE",26,1027.2
"415","2019","9",10,20.1,0,"ENE",31,57660,13.1,87,"SW",2,1028.3,18.5,52,"NE",19,1024.5
"416","2019","9",5.6,23.3,0,"NE",43,78720,14.9,72,"NW",4,1026.6,22.6,42,"N",15,1020.9
"417","2019","9",10.1,18.7,0,"NW",52,48360,16.9,69,"",0,1020.1,16.2,77,"N",26,1016.8
"418","2019","9",6.9,17.2,3.8,"NNW",50,47580,13.2,49,"W",20,1023.3,15,37,"NNW",31,1021.3
"419","2019","9",0.1,13.6,0,"WNW",50,40140,10.9,58,"WNW",24,1023.7,10.9,49,"WSW",28,1023.1
"420","2019","9",-2.9,16.9,0.2,"N",44,48960,7.5,68,"NNW",7,1027.7,15.3,39,"NW",30,1024
"421","2019","9",-0.9,17.9,0,"ENE",30,74340,9.6,63,"W",6,1029.4,16.8,34,"S",7,1025.1
"422","2019","9",4.4,18.2,0,"NNW",35,47580,12.7,65,"NNW",7,1027.1,16.9,37,"NNW",19,1022.9
"423","2019","9",0.7,20.8,0,"WNW",54,52080,11.3,62,"SW",7,1020.3,18.8,29,"W",26,1015.8
"424","2019","9",3.7,18.1,0,"NNW",31,960,11.4,42,"SW",17,1018.2,17.2,35,"NNW",13,1016.7
"425","2019","9",2.2,20.2,0,"N",48,47640,10.9,65,"NNW",6,1018.7,18.5,29,"NNW",33,1016.1
"426","2019","9",3.6,19.7,0,"E",43,67680,11.7,57,"SSE",9,1024.8,19.1,29,"NW",11,1023.2
"427","2019","10",5.6,21.1,0,"NNW",31,61320,11.9,64,"NW",7,1031.7,20.2,26,"N",17,1026.5
"428","2019","10",1.8,24.7,0,"NNW",43,42540,15.4,49,"",0,1028.9,24.3,24,"W",22,1024.6
"429","2019","10",4.2,28,0,"NNW",39,48360,16.3,44,"NNW",2,1026,27.2,19,"WNW",20,1020.9
"430","2019","10",5.7,28.1,0,"WNW",44,37920,21,33,"NNW",17,1019.9,25.7,27,"WNW",31,1016.3
"431","2019","10",12.1,19.2,4,"ENE",33,43200,13.3,84,"E",13,1023,18.1,53,"ENE",17,1020.2
"432","2019","10",11.4,30.4,0,"N",61,44880,13.9,87,"SE",7,1016.8,28.8,25,"NNW",39,1009.1
"433","2019","10",8.6,23.7,0,"NW",54,42300,18.4,51,"NNW",19,1012.1,22.2,34,"NNW",31,1010.1
"434","2019","10",8.4,18.7,0,"W",54,51420,14.4,55,"WNW",28,1011.3,12.3,63,"WNW",26,1011.6
"435","2019","10",1.7,16.3,11.2,"S",39,28020,7.6,63,"S",30,1023.1,15.8,42,"S",6,1021
"436","2019","10",1,19.2,0,"E",43,66180,8.6,66,"S",9,1023.6,18.2,31,"W",13,1019.4
"437","2019","10",8.5,17.1,0,"ESE",41,44820,12,69,"ESE",13,1019.5,15.8,48,"SE",26,1015.8
"438","2019","10",6.6,15.9,0,"ESE",30,28320,10.5,63,"ESE",19,1019.3,14.1,48,"SE",11,1017.1
"439","2019","10",1.8,19.8,0,"N",28,47880,10.2,69,"SSE",6,1020.8,18.4,31,"SW",9,1017.3
"440","2019","10",4.3,22.7,0,"SSW",33,64440,10.2,77,"S",7,1017.3,21.3,32,"WSW",13,1013.7
"441","2019","10",6.6,28,0,"NW",56,52440,13.9,60,"S",6,1013.4,26.5,29,"N",30,1009.2
"442","2019","10",7.8,24.8,0,"NNW",67,49620,16.8,64,"W",9,1012.3,23.5,28,"NW",46,1008.4
"443","2019","10",9.5,16.1,4.8,"WNW",69,48360,14.1,72,"NNW",26,1008.2,14.5,34,"WNW",41,1008.9
"444","2019","10",5.8,21,0,"NNW",52,47880,11.7,48,"NW",17,1017.4,19.7,21,"WNW",31,1014.2
"445","2019","10",8.8,19.2,0,"NW",78,42420,16,42,"WNW",37,1013.7,17.3,29,"WNW",43,1013.4
"446","2019","10",-0.2,20.9,0,"N",30,50520,9.8,51,"ENE",2,1022.1,20.2,23,"NNW",13,1020
"447","2019","10",3.1,26.7,0,"ENE",33,65760,13.5,53,"SW",7,1027,25.1,19,"WSW",9,1023.2
"448","2019","10",5.8,28.5,0,"E",41,65400,15,57,"SW",6,1026,27.4,14,"NNW",17,1021.2
"449","2019","10",5.8,29.2,0,"SW",80,44160,14.9,67,"",0,1023.8,28.5,11,"WNW",31,1019.1
"450","2019","10",6.8,31.2,0,"W",39,51960,17.4,32,"SE",4,1020.4,30.3,12,"WNW",20,1016.1
"451","2019","10",9.1,31.1,0,"NNW",91,50280,20.2,33,"S",9,1013.6,29.9,18,"NNW",61,1007.7
"452","2019","10",12.3,18.2,7.6,"NW",78,46500,15.1,48,"WNW",31,1006.2,17.7,32,"WNW",52,1006
"453","2019","10",4.6,20.5,0,"NNW",43,44580,11.8,45,"NW",22,1015.1,19.1,25,"NW",31,1013.8
"454","2019","10",3.7,22.9,0,"W",39,50280,12.7,52,"SW",9,1022.8,21.4,21,"W",13,1021
"455","2019","10",5.6,27.4,0,"NNW",50,49620,15.1,64,"",0,1023.7,25.5,24,"NNW",20,1018.8
"456","2019","10",8.8,29.3,0,"W",28,43380,16.2,47,"ESE",6,1020.2,28.6,13,"NNE",13,1016.6
"457","2019","10",7,31.7,0,"NE",41,66540,19.1,42,"SSE",6,1019,30.2,11,"W",15,1015.2
"458","2019","11",10.4,32.5,0,"NNW",39,47280,19.8,34,"",0,1017.9,30.2,15,"ENE",9,1012.6
"459","2019","11",13.9,31.3,0,"N",63,44460,21.5,42,"",0,1015.9,30.8,21,"NNW",33,1011.3
"460","2019","11",15.8,25.8,0,"NNW",57,35520,20.9,65,"W",7,1013.8,17.5,85,"SSW",6,1010.9
"461","2019","11",11.5,22.6,12.4,"WNW",56,47700,16.3,71,"NNW",19,1014.2,20.4,33,"WNW",33,1012.7
"462","2019","11",8.6,19,0.2,"S",35,26220,11.2,55,"S",24,1015.6,16.6,35,"NNW",17,1013.6
"463","2019","11",7.2,23.7,0,"NW",70,61200,14.8,40,"NNW",19,1012.6,22.4,25,"NW",41,1007.9
"464","2019","11",11.3,19.4,0,"WNW",70,31320,13,46,"WNW",39,1005.9,17.9,35,"WNW",37,1005.1
"465","2019","11",12.7,18.8,0,"NW",72,38820,14.9,48,"WNW",35,1001.8,13.9,64,"WNW",30,1002.2
"466","2019","11",1.6,16.7,0,"WNW",56,48840,9,41,"WSW",13,1011.8,14.4,34,"WNW",35,1009.8
"467","2019","11",8.4,20.4,0,"NNW",54,42960,13.8,52,"NW",31,1011.9,19.1,40,"WNW",33,1011.3
"468","2019","11",3.7,26.4,0,"NW",50,42840,16.9,53,"NNW",11,1015.3,24.9,19,"WNW",24,1011.6
"469","2019","11",5.8,26.6,0,"NW",67,50820,22.3,19,"NW",39,1006.3,23.5,21,"WNW",33,1003.5
"470","2019","11",6.7,20.8,0,"WNW",50,59220,11.3,34,"WNW",20,1013,19.4,23,"WNW",35,1010.6
"471","2019","11",7.1,24.7,0,"NW",52,49980,15.8,43,"WNW",19,1014.9,23,28,"WNW",35,1011.1
"472","2019","11",11.8,25.7,0,"NW",61,49080,17.2,43,"WNW",20,1010.9,24.3,18,"WNW",35,1007.8
"473","2019","11",8.4,25.7,0,"NW",50,49500,16.4,40,"NE",7,1014.5,24.3,13,"NW",28,1011.8
"474","2019","11",9.6,25.1,0,"E",52,61680,15,59,"S",11,1016.6,23.3,17,"NW",11,1013.2
"475","2019","11",6.8,27,0,"NNW",59,45360,16,48,"NW",17,1017.5,25.9,18,"WNW",30,1013
"476","2019","11",8.4,32.5,0,"WNW",57,44100,24.1,22,"NW",13,1012.7,30.8,10,"NW",35,1009.3
"477","2019","11",8.4,31.4,0,"ENE",33,69300,16.7,56,"NE",9,1017,29.6,17,"E",9,1013.4
"478","2019","11",10.9,39,0,"NNW",54,51060,23.6,37,"SE",4,1015,38.2,7,"NW",30,1009.2
"479","2019","11",16.9,34.9,0,"NW",52,49920,27.7,24,"N",15,1012.2,33.4,18,"NW",31,1010.7
"480","2019","11",12.9,33.1,0,"NNW",54,45540,20.8,51,"NNE",13,1014.6,31.5,8,"WNW",26,1011.8
"481","2019","11",8.1,28.6,0,"NNE",39,48840,16.2,60,"ENE",13,1019.1,24.5,37,"NE",13,1013.9
"482","2019","11",10.7,31.5,0,"NW",52,40020,20.8,57,"NNW",15,1012.2,31,24,"NW",31,1007.7
"483","2019","11",15.4,27.3,0,"NW",89,40020,23.2,48,"NNW",30,1002.4,18.6,35,"WNW",46,1003.2
"484","2019","11",1.6,27.1,0,"NW",43,56700,11.8,40,"NW",7,1015.7,25.2,14,"NNW",30,1012.5
"485","2019","11",5.6,30.3,0,"N",46,45120,17.3,24,"NNW",6,1016.5,28.3,8,"NNE",19,1013
"486","2019","11",12.6,33.1,0,"N",65,45300,20.5,42,"SSW",2,1014.9,32.5,8,"W",24,1009.8
"487","2019","11",11.8,23.8,0,"NW",69,43920,20.5,47,"E",7,1009.2,20.3,42,"NW",30,1006.9
"488","2019","12",4.6,21.5,0,"NW",63,41280,15.2,37,"NW",20,1004.8,18.6,30,"WNW",37,998.8
"489","2019","12",7.4,15.1,0.6,"WNW",57,40620,10.4,65,"WNW",26,992.3,11.1,69,"WSW",33,994.8
"490","2019","12",8.5,20.8,0.6,"W",61,15420,13.2,44,"WNW",31,1004.9,19.1,32,"WNW",41,1003.5
"491","2019","12",12.6,24.1,0,"WNW",57,52740,16.6,37,"WNW",31,1008.4,22.9,18,"WNW",35,1007
"492","2019","12",11.2,28.2,0,"WNW",63,45420,20.4,31,"NW",28,1008.6,27.3,12,"WNW",35,1005
"493","2019","12",15.7,28,0,"WNW",50,41700,21,26,"NNW",20,1006,27.2,10,"W",30,1005.2
"494","2019","12",11.1,29.7,0,"WSW",52,47040,20.7,19,"WNW",17,1011.8,29.1,12,"WSW",17,1008.7
"495","2019","12",11.1,29.9,0,"ENE",43,59340,18.3,61,"NNE",7,1017.9,28.7,23,"NNE",13,1015.3
"496","2019","12",14.9,34.9,0,"NW",46,45900,19.8,63,"NW",6,1019.8,32.6,19,"WNW",22,1014.7
"497","2019","12",12.2,38.1,0,"NW",59,46260,24.3,30,"",0,1013.8,37.5,6,"WNW",35,1010.2
"498","2019","12",11.3,32.7,0,"NNW",44,53880,15.9,62,"E",15,1015.6,29.6,17,"NNW",19,1009.9
"499","2019","12",12.8,30.5,0,"ENE",57,59520,18,53,"SE",7,1013,27.2,26,"W",11,1008.7
"500","2019","12",12.8,27.8,0,"E",48,62700,16.2,62,"NNE",13,1013.7,25.6,29,"N",17,1009.3
"501","2019","12",9.2,29.6,0,"W",48,44160,16.7,67,"WNW",7,1011.4,28.9,22,"W",33,1007.4
"502","2019","12",12.9,29,0,"W",54,54360,18.8,58,"NNW",17,1009.3,26.2,22,"WNW",13,1006.4
"503","2019","12",10.6,32,0,"E",48,55500,22.1,24,"SE",9,1010.3,29.8,16,"NW",11,1009.8
"504","2019","12",12.1,32.5,0,"E",48,64140,17.6,54,"SE",9,1019.2,30.7,21,"ENE",15,1015.2
"505","2019","12",12.2,36.8,0,"NW",43,54180,22.2,43,"S",7,1019.4,36.3,15,"WNW",20,1013.9
"506","2019","12",15.8,39.3,0,"E",54,65580,26.5,27,"",0,1015.4,37.6,12,"W",26,1012.9
"507","2019","12",12.8,39,0,"N",39,54960,21.9,27,"SSE",7,1019.3,37.2,10,"NW",9,1013.2
"508","2019","12",14.7,41.1,0,"WNW",46,46020,23.3,52,"",0,1013.6,40.1,12,"W",28,1009.9
"509","2019","12",15.5,24.9,0,"ENE",43,57420,18,64,"E",17,1019.6,23.9,40,"NE",28,1017.6
"510","2019","12",8.6,32.4,0,"NE",31,43560,15.3,67,"SSE",6,1020.1,30,20,"NNE",17,1013.4
"511","2019","12",15.3,28.8,0,"NE",44,52860,20.3,53,"SE",13,1014.5,27.9,37,"ENE",26,1012
"512","2019","12",15.1,32.2,0,"ENE",43,72540,19,65,"SSW",9,1017,29.7,28,"N",17,1012.9
"513","2019","12",15.6,35,0,"E",44,62100,22.7,58,"ESE",6,1018.1,33.4,21,"WNW",17,1014.5
"514","2019","12",15.3,36.8,0,"E",43,65100,23,48,"SE",7,1019.5,35.4,18,"NNW",17,1015
"515","2019","12",17.1,37.7,0,"NW",52,46020,25,42,"SW",4,1018.1,35.6,13,"WNW",26,1014.3
"516","2019","12",19.6,36.1,0,"WNW",33,57300,27,32,"WSW",6,1017.4,34,18,"W",17,1015.3
"517","2019","12",17.6,39.8,0,"NW",56,49680,25.7,33,"ESE",7,1015.1,38.5,8,"NW",30,1009.9
"518","2019","12",19.8,38,0,"NW",74,34320,31.6,14,"NNW",33,1007.7,36.7,9,"NW",35,1005.4
"519","2020","1",13.5,33.2,0.2,"NW",37,55500,17.3,32,"ESE",7,1013.6,32.3,14,"NNW",22,1010.3
"520","2020","1",10.7,33.2,0,"E",41,65340,15.7,64,"SSE",11,1018.7,31.7,19,"NNW",11,1013.9
"521","2020","1",15.6,37.8,0,"NW",56,50340,20.2,64,"SW",7,1015.9,36.7,14,"NW",26,1010.7
"522","2020","1",18.5,44,0,"NNW",67,58620,26.9,55,"WSW",6,1010.4,42.3,9,"WNW",31,1005.6
"523","2020","1",17.3,21.7,0,"ESE",46,55200,17.7,56,"ESE",17,1017.4,19.4,55,"ESE",28,1017.7
"524","2020","1",14.3,21.5,0,"E",33,65580,16.2,74,"E",15,1020,20.5,63,"E",15,1016.8
"525","2020","1",15,35,0.4,"NW",46,46680,21.3,67,"SSE",6,1014.8,33.6,26,"WNW",24,1010.7
"526","2020","1",16.3,34.9,0,"NNW",52,49080,21.5,67,"SSE",9,1015.2,34.1,27,"N",13,1010.9
"527","2020","1",15.7,26.1,0,"ESE",43,51240,20.7,62,"ESE",15,1017.3,23.7,53,"ESE",31,1015.9
"528","2020","1",17.8,39.4,0,"NW",48,50640,21.6,67,"NNW",7,1011.5,38.1,20,"NW",24,1004.6
"529","2020","1",15.5,28.3,0.2,"SW",61,83280,17.3,60,"SSE",19,1011.8,26,38,"NNW",9,1009.5
"530","2020","1",14.4,22.1,0,"E",41,64440,15,61,"SSE",13,1017.5,19.9,53,"ENE",22,1016.6
"531","2020","1",9.7,26.9,0,"ENE",39,68940,16.1,58,"WNW",7,1019.3,24.5,33,"NNE",15,1015.2
"532","2020","1",12.7,32.1,0,"E",48,64860,18.6,65,"SSE",9,1017.3,30.8,23,"NNE",19,1012.9
"533","2020","1",15.3,33.2,0,"NW",50,55680,20.3,59,"ESE",9,1013.9,31.1,29,"NNW",26,1008.6
"534","2020","1",15.9,29.3,1,"ESE",48,57540,21.7,69,"E",4,1007.5,27.1,41,"NNE",19,1004.3
"535","2020","1",16.5,24.8,4,"ESE",43,54720,18.2,76,"SSE",11,1009.9,23.6,54,"ESE",28,1009.2
"536","2020","1",17.1,25.3,0,"ESE",52,52320,18.1,67,"SE",15,1011.4,25.1,46,"E",30,1008.1
"537","2020","1",13.6,31.3,0,"ESE",50,61200,18.5,71,"E",11,1008.2,28.6,31,"NNE",15,1003.2
"538","2020","1",16,27.9,4.4,"NNW",117,42480,19.9,79,"SSE",9,1002.9,20.9,55,"SW",6,1000.8
"539","2020","1",14,27.6,2.6,"NW",44,54480,18.9,64,"NNW",26,1006.5,26.5,39,"WNW",24,1006.3
"540","2020","1",11.8,34.3,0,"NW",59,39000,20.9,56,"ESE",2,1010.1,31.7,19,"NW",31,1005.9
"541","2020","1",19.1,34.9,0,"NNW",83,36660,31.3,14,"NNW",46,998.9,28.1,36,"NW",48,1000
"542","2020","1",14.8,28.8,3.2,"NW",56,39840,19.5,50,"NW",20,1010.1,27.3,23,"WNW",31,1008.8
"543","2020","1",16.4,33.7,0,"NW",50,45720,21.9,69,"NNW",7,1013.6,31.8,16,"NW",30,1010.3
"544","2020","1",16.9,34.7,0,"NW",50,43080,23.9,72,"NW",9,1012.4,33.3,14,"W",26,1010.1
"545","2020","1",14.2,35.9,0,"E",54,71160,21.1,66,"ENE",4,1014.9,34.7,13,"WNW",28,1010.2
"546","2020","1",20.5,34.4,0,"E",44,70380,23.5,69,"NNW",6,1012.7,33.2,11,"WNW",28,1010.5
"547","2020","1",13.3,32,0,"ENE",44,67740,19.8,64,"SSW",7,1016.4,30.8,23,"W",9,1013.4
"548","2020","1",13.4,37.3,0,"NNW",30,53160,19.4,64,"ESE",9,1016.9,35.5,13,"W",17,1012.4
"549","2020","1",16.7,41.9,0,"NNW",48,48600,26,37,"ESE",4,1015.2,39.6,15,"WNW",20,1010.9
"550","2020","2",25.5,42.7,0,"W",61,47040,34.5,28,"NNW",30,1011.7,40.5,17,"WNW",33,1008.2
"551","2020","2",26.7,33.7,0,"W",59,55740,32.2,37,"WNW",24,1007.6,31.2,48,"WNW",30,1006.4
"552","2020","2",15.3,29.2,0,"WNW",52,42180,20.2,44,"NW",24,1007.2,27.7,17,"W",33,1004.4
"553","2020","2",7,25.3,0,"E",44,61560,12.8,41,"S",20,1019.3,24,18,"E",19,1017
"554","2020","2",10,29.1,0,"E",52,64080,16.2,65,"N",4,1020.3,27.5,25,"NW",9,1015
"555","2020","2",15.7,25.4,0,"ENE",41,60420,18.4,70,"SE",13,1022,24.6,43,"ENE",20,1020.1
"556","2020","2",16.4,23.7,0.8,"E",54,64440,18.4,90,"SSE",13,1021.5,21.2,68,"ESE",20,1020
"557","2020","2",16.3,23.9,1.8,"SE",57,39300,18.4,78,"SE",20,1020.6,21.5,59,"SE",39,1018.7
"558","2020","2",15.5,18.4,3.4,"SE",63,52740,16.8,84,"ESE",28,1017,17.7,74,"SE",31,1013.3
"559","2020","2",15.4,27.6,60.4,"ENE",39,76140,17.2,100,"S",17,1008.6,25.9,57,"E",26,1006.5
"560","2020","2",17.2,28.7,0,"NNE",43,53280,21.6,80,"",0,1009.1,27.5,48,"NNW",22,1006.2
"561","2020","2",17.3,28.2,0.2,"ESE",41,45420,21.7,73,"SE",11,1011,26.4,50,"ESE",28,1010
"562","2020","2",19.4,27.4,0,"ENE",43,52140,20.9,78,"S",15,1012.5,26.7,54,"E",26,1009.9
"563","2020","2",14.5,29.2,2.6,"ENE",28,72180,19.1,76,"SSE",9,1010.6,27.4,44,"WSW",9,1006.1
"564","2020","2",18.1,29.8,0,"S",54,77580,19.7,83,"ENE",6,1006.1,23.7,64,"WNW",20,1004.7
"565","2020","2",15.9,26,6.8,"ESE",46,60780,19.2,71,"SE",15,1014.1,24.2,54,"ENE",22,1012.3
"566","2020","2",16.6,26.3,0,"ENE",33,63420,18.3,77,"ESE",9,1014.6,25.2,60,"NE",15,1010.8
"567","2020","2",17.8,31.2,0,"WNW",57,67200,20.9,83,"N",17,1008.6,29.3,46,"NW",26,1003.7
"568","2020","2",14.5,21.1,4,"WNW",56,53880,16.4,60,"WNW",22,1003.4,19.5,48,"WNW",35,1004.3
"569","2020","2",11,25.4,0,"ENE",39,69720,15.1,59,"SE",11,1010.1,23.5,34,"WNW",13,1009
"570","2020","2",12.1,26.5,0,"E",56,61440,16.6,71,"ESE",6,1015.3,24.3,34,"NNW",17,1013.6
"571","2020","2",13.9,26.3,0,"ENE",41,59340,15.5,68,"SE",7,1022.9,23.4,45,"NNE",22,1020.3
"572","2020","2",12.7,26.5,0,"N",26,41880,17.6,73,"",0,1023.8,24.6,46,"N",19,1020.7
"573","2020","2",13.9,29.7,0,"ESE",33,63300,19.2,70,"ESE",9,1020.3,27.8,38,"WNW",13,1016.4
"574","2020","2",12.7,30.6,0,"NW",37,52440,18.6,65,"",0,1016.3,29.4,37,"NW",19,1011.5
"575","2020","2",10.3,26.2,0,"NNW",39,49080,14.7,76,"N",9,1010.3,24.7,23,"NW",24,1006.1
"576","2020","2",6.8,28.3,0,"ENE",50,64200,13.8,44,"N",6,1010.6,27.2,22,"WNW",7,1009.4
"577","2020","2",10.5,26.7,0,"N",28,60060,16.3,73,"",0,1016.3,24.6,39,"WNW",9,1012.8
