Date,Minimum_temperature,Maximum_temperature,Rainfall_(mm),Direction_of_maximum_wind_gust,Speed_of_maximum_wind_gust_(km/h),Time_of_maximum_wind_gust,9am_Temperature,9am_relative_humidity_(%),9am_cloud_amount_(oktas),9am_wind_direction,9am_wind_speed_(km/h),9am_MSL_pressure_(hPa),3pm_Temperature,3pm_relative_humidity_(%),3pm_cloud_amount_(oktas),3pm_wind_direction,3pm_wind_speed_(km/h),3pm_MSL_pressure_(hPa),month,year
2018-08-01,7.6,15.4,0,NW,54,01:38:00,10.9,54,8,WNW,22,1018.7,14.7,32,6,NW,19,1018.7,8,2018
2018-08-02,-3.8,14.3,0,NNW,26,12:23:00,3.3,87,1,NA,Calm,1026.8,13.7,43,6,NE,9,1021.9,8,2018
2018-08-03,-3.6,19.5,0,NW,72,20:56:00,3.7,84,8,NA,Calm,1018.1,17.9,35,4,NNW,39,1009.9,8,2018
2018-08-04,3.7,12.8,13.8,NNW,54,04:50:00,7.8,77,8,NNW,24,1016.8,11.6,52,5,WNW,22,1016.1,8,2018
2018-08-05,-1,15,0,NW,43,12:19:00,5,85,8,NA,Calm,1018.4,14.6,48,6,NW,24,1011.8,8,2018
2018-08-06,1.2,13.7,0,NW,61,10:48:00,9.2,72,8,N,28,1005.4,10.9,44,8,WNW,31,1003.5,8,2018
2018-08-07,2.4,9.7,6.6,WNW,61,14:52:00,4.9,90,5,NW,30,1009.5,8.8,54,6,WNW,44,1010.4,8,2018
2018-08-08,2.6,12.1,0,WNW,70,12:45:00,6.5,65,8,NW,30,1014.9,9.9,60,8,WNW,35,1013.7,8,2018
2018-08-09,1.6,13.7,0,NNW,30,00:40:00,6.3,94,7,SSW,9,1024.3,12.9,50,6,N,15,1022.2,8,2018
2018-08-10,-2.5,15.6,0.2,NNW,43,12:16:00,0.5,99,8,NA,Calm,1023.6,14.9,42,6,NW,28,1017.7,8,2018
2018-08-11,0.4,16.4,0,NW,59,10:48:00,8.9,63,1,SE,7,1011.4,13.2,45,8,NNW,37,1008.1,8,2018
2018-08-12,1.4,11.7,3,WNW,46,14:08:00,6.4,72,8,W,17,1016.9,10.7,39,1,WNW,31,1018.1,8,2018
2018-08-13,2.4,13.8,0,WNW,52,14:23:00,7.6,76,8,NNW,26,1022.9,12.5,54,6,WNW,35,1022.1,8,2018
2018-08-14,2.8,16.4,0,N,44,13:46:00,9.6,66,8,NW,22,1025,14.9,49,6,NNW,28,1020.5,8,2018
2018-08-15,5.6,16,0,NNW,61,11:09:00,9.9,62,8,N,31,1015.9,13.9,46,4,NW,37,1011.4,8,2018
2018-08-16,6.5,13.8,0,WNW,56,06:23:00,10.3,47,8,WNW,20,1013.2,12.5,38,6,WNW,30,1012.1,8,2018
2018-08-17,-5.5,13.4,0,WNW,41,13:32:00,2.7,74,8,NNE,2,1017.2,10.7,40,3,WNW,26,1014,8,2018
2018-08-18,-0.5,11.2,0,NW,59,11:22:00,9.1,55,2,NNW,13,1011.3,8.5,72,8,NW,22,1009.1,8,2018
2018-08-19,2.7,10.6,3.4,W,52,14:33:00,5.8,59,1,NW,24,1013.2,8.9,44,8,W,24,1014,8,2018
2018-08-20,-5.7,11.5,0,NW,44,19:46:00,2.6,71,8,NNW,2,1022.4,10.4,49,6,NNW,28,1018.7,8,2018
2018-08-21,2.6,12.8,0,WNW,52,13:43:00,7.7,68,3,N,30,1016,10.7,52,6,WNW,37,1012.5,8,2018
2018-08-22,1.7,14,0,W,30,00:07:00,7.8,66,8,WNW,7,1017.1,12.3,38,4,N,9,1015.3,8,2018
2018-08-23,-1.5,12,0,E,30,20:19:00,5.3,81,8,SE,7,1022.4,11.4,45,8,NNE,13,1020.4,8,2018
2018-08-24,4.1,14.9,0,E,37,18:29:00,9.6,71,7,ENE,7,1024.8,13.3,44,4,ESE,7,1022.3,8,2018
2018-08-25,4.9,16.1,0,N,43,15:57:00,11.8,69,7,NE,13,1023.3,15.1,57,8,NW,9,1018.9,8,2018
2018-08-26,4.6,17.6,1.6,WNW,31,15:29:00,8.5,99,3,N,9,1018.7,17,48,6,WNW,22,1014.3,8,2018
2018-08-27,0.2,14,0,S,35,09:02:00,7.7,64,2,SSE,19,1021.8,12,30,4,SSE,19,1020.8,8,2018
2018-08-28,-3.4,12,0,S,39,09:14:00,5.4,51,3,S,9,1023,10.2,31,1,S,15,1018.1,8,2018
2018-08-29,-5,13,0,SSW,35,09:12:00,4.8,56,8,WSW,6,1020.8,12.3,28,6,NNW,13,1017.7,8,2018
2018-08-30,-6.4,14.8,0,WNW,24,14:54:00,3.6,61,8,N,7,1021.5,13.4,27,8,WNW,17,1017.5,8,2018
2018-08-31,3.6,12.1,0.4,NNW,44,16:17:00,6.7,81,8,SSE,9,1008.2,7.4,99,8,WNW,13,1001.2,8,2018
2018-09-01,6.1,15,12.4,WNW,52,12:16:00,12.1,66,8,NW,28,1008.8,12.7,63,1,NW,28,1009.7,9,2018
2018-09-02,2,13.7,0,ENE,35,19:03:00,8,66,6,SSE,19,1019.2,13.1,36,6,NW,15,1018.5,9,2018
2018-09-03,0.8,13.9,0,E,37,18:48:00,7.9,57,8,SSE,11,1027.8,12.9,44,8,E,15,1026.1,9,2018
2018-09-04,1.3,13.9,0,ENE,39,13:30:00,9.2,72,8,ESE,19,1030.4,13.5,59,1,ESE,17,1027.5,9,2018
2018-09-05,0.8,16.8,0.6,NE,31,15:42:00,8.7,80,8,SW,2,1028.1,15.2,47,8,NE,19,1022.5,9,2018
2018-09-06,2.9,14.4,0.2,NW,35,19:30:00,9.6,93,8,NA,Calm,1020.9,12.2,78,8,SSW,7,1015.7,9,2018
2018-09-07,9.4,18.6,24.6,NNW,35,07:06:00,14.2,74,8,NW,20,1014,17.6,45,3,NNW,22,1012.8,9,2018
2018-09-08,8.6,13.4,0,NE,26,14:29:00,9.9,76,8,ESE,6,1017.9,11.9,71,8,NNE,13,1016.1,9,2018
2018-09-09,0.9,16.8,0,WNW,50,13:59:00,10.6,54,6,N,24,1020.4,15.3,43,6,WNW,37,1018.5,9,2018
2018-09-10,0.9,19.7,0,WNW,22,15:34:00,9.9,74,8,S,4,1026.8,18.9,42,6,N,15,1023.8,9,2018
2018-09-11,2.2,21.4,0,NW,44,12:37:00,9.6,86,8,ENE,2,1022.8,21.3,37,6,NNW,31,1017.6,9,2018
2018-09-12,7.4,21.8,0,NW,57,09:50:00,17.5,47,8,NNW,35,1015.7,19.1,37,2,NW,33,1014,9,2018
2018-09-13,1.4,20.6,0,N,28,14:10:00,10.1,65,8,WNW,4,1021,19.7,19,6,NNW,19,1018.1,9,2018
2018-09-14,2.3,20.4,0,N,46,15:05:00,7.3,90,4,N,7,1019.8,19.6,30,6,NNW,31,1014.9,9,2018
2018-09-15,0.4,22.2,0,NNW,72,11:07:00,12.2,54,8,ENE,6,1008.7,16.3,37,7,WNW,28,1005,9,2018
2018-09-16,0.2,13.7,0,WNW,39,00:30:00,7.1,45,8,W,19,1019.2,11.7,31,6,NE,9,1018.3,9,2018
2018-09-17,-2.6,15.1,0,NNW,41,14:15:00,7,59,8,NW,4,1025.2,14.5,34,6,NNW,22,1020.6,9,2018
2018-09-18,-2.3,20.4,0,NW,54,13:54:00,10.2,51,8,NW,6,1019.1,19.4,20,6,NNW,33,1013.2,9,2018
2018-09-19,4.1,18.4,0,NW,57,12:51:00,16,32,1,NW,24,1009.8,15.7,24,6,WNW,31,1010.7,9,2018
2018-09-20,-2.9,17.5,0,WNW,39,16:21:00,8.3,51,8,E,6,1020,16.4,27,6,NNE,13,1018.1,9,2018
2018-09-21,-2.7,19.4,0,NNW,35,14:39:00,8.6,52,8,WSW,4,1028.1,18.2,34,6,N,24,1024.4,9,2018
2018-09-22,0.2,21.5,0,NNW,41,14:59:00,10.4,65,8,NW,7,1027.8,19.5,36,5,NNW,28,1023.1,9,2018
2018-09-23,-0.6,22.2,0,E,52,16:53:00,11.7,54,8,NA,Calm,1026.6,21.6,25,7,ENE,11,1021.8,9,2018
2018-09-24,3.7,15.9,0.4,E,39,18:33:00,9,52,8,SSE,13,1031.2,15.2,37,1,ESE,26,1027.1,9,2018
2018-09-25,-0.9,17.4,0,E,41,18:31:00,9.6,61,8,W,7,1028.4,16.8,30,6,NW,13,1022.5,9,2018
2018-09-26,7.3,15.3,0,NE,33,12:49:00,10.6,61,8,SSE,15,1023.2,13.9,49,8,ESE,17,1020.6,9,2018
2018-09-27,0,20.3,0,NW,41,15:38:00,8,77,8,NW,9,1021.3,18.8,35,2,N,28,1016.6,9,2018
2018-09-28,0.9,24.7,0,NW,57,10:18:00,18.1,37,3,WNW,9,1016.4,23.1,26,6,WNW,33,1012.6,9,2018
2018-09-29,5.4,15.8,0,SSW,41,10:41:00,11.5,27,8,SW,20,1020.1,14.9,26,6,S,11,1021.1,9,2018
2018-09-30,-2.6,18.8,0,ENE,33,18:56:00,9.6,50,8,SW,7,1030.7,18.3,26,6,W,11,1026.9,9,2018
2018-10-01,0.4,22.6,0,N,39,12:56:00,12.2,59,8,NNE,6,1029.4,21.5,28,6,NNW,22,1023.8,10,2018
2018-10-02,0,24.7,0,WNW,39,13:06:00,15,43,8,N,6,1027.6,23,17,8,N,20,1022.2,10,2018
2018-10-03,6.5,17.6,0,NW,46,10:48:00,13.8,60,8,SSW,4,1020.2,14,84,8,N,17,1017.2,10,2018
2018-10-04,9.1,14,1,SE,39,19:23:00,11.9,81,8,S,17,1018.7,12.4,90,8,SE,11,1017.1,10,2018
2018-10-05,8.2,16.4,1,SE,50,08:39:00,12.9,62,8,SE,30,1024.7,15.3,47,8,SE,26,1023.3,10,2018
2018-10-06,3.7,18.6,0,SSE,43,10:44:00,13,53,4,SE,17,1025.2,18,34,6,ESE,19,1021,10,2018
2018-10-07,2.3,21.2,0,E,48,13:11:00,11.2,66,1,SSW,17,1024.3,20,37,1,ESE,26,1020.4,10,2018
2018-10-08,8.5,23.5,0,E,35,13:05:00,13.8,67,7,SSW,13,1020.3,21.8,42,1,E,17,1016.2,10,2018
2018-10-09,5,24.2,0,WNW,37,14:58:00,12,80,4,ESE,6,1016,23.8,28,8,W,24,1011.7,10,2018
2018-10-10,10.9,13.2,1.8,SE,50,11:25:00,11,85,8,SSE,19,1018.2,11.7,64,8,SE,31,1019.4,10,2018
2018-10-11,6.2,14.7,0,SE,41,11:07:00,9.2,67,8,SE,17,1024.5,13.4,53,8,ESE,22,1023.3,10,2018
2018-10-12,6,16.8,0,ESE,39,14:09:00,10.7,71,8,ESE,17,1027.6,15.7,48,8,E,24,1024.8,10,2018
2018-10-13,5.7,21.3,0.2,E,52,15:17:00,10.9,87,8,SE,9,1026.7,19.5,39,4,ENE,24,1022.8,10,2018
2018-10-14,10.8,18,0,E,44,09:41:00,14.3,72,7,E,20,1026.9,16,67,8,E,22,1024.7,10,2018
2018-10-15,11.8,23.7,0,NE,50,12:52:00,15.2,69,8,NE,19,1026,22.1,44,6,NE,33,1021.8,10,2018
2018-10-16,14.8,26.1,0,ENE,46,17:00:00,17,68,7,ENE,9,1022.4,25,44,3,ENE,30,1017.7,10,2018
2018-10-17,11.6,22.9,0,NW,37,14:42:00,15.9,78,8,NA,Calm,1017.3,21.8,52,7,NW,15,1014.3,10,2018
2018-10-18,11.4,24.9,0.8,NW,48,12:41:00,15.1,84,8,N,13,1017.6,23.4,37,2,WNW,24,1014.9,10,2018
2018-10-19,5.5,27.8,0,NNW,50,15:10:00,15.5,62,8,NA,Calm,1018.7,26.6,24,6,NNW,22,1014.6,10,2018
2018-10-20,10.3,27.2,0,NW,57,11:06:00,17.4,56,8,NA,Calm,1013.9,17.5,77,8,ENE,13,1011,10,2018
2018-10-21,4.7,21.9,9.4,ENE,35,18:46:00,12,71,8,E,7,1017.2,19.9,40,6,NW,15,1014.3,10,2018
2018-10-22,8.8,25.5,0,N,39,14:46:00,13.9,72,8,NNE,6,1018.2,24.8,27,6,NNW,24,1014.4,10,2018
2018-10-23,4.6,28.9,0,NNW,54,11:57:00,14.1,58,8,ESE,2,1015.9,27.2,18,6,W,26,1011.9,10,2018
2018-10-24,9.9,21.4,0,E,50,16:09:00,13.6,69,8,ENE,7,1020.2,19.8,39,1,ENE,20,1018.5,10,2018
2018-10-25,8.8,25.2,0,NW,37,13:32:00,13.3,63,8,NNE,11,1021.4,21.8,32,6,WNW,17,1015.3,10,2018
2018-10-26,7.6,26.4,0,WNW,43,16:12:00,15.4,61,8,NW,9,1017.1,25.9,21,6,NW,28,1012.9,10,2018
2018-10-27,6.4,27.9,0,WNW,52,13:45:00,14.6,64,1,NNW,7,1014.2,26.2,21,6,WNW,35,1009.5,10,2018
2018-10-28,5.9,24.2,0,ENE,41,18:00:00,12.8,46,8,SSE,9,1017.2,23,21,6,WSW,9,1014,10,2018
2018-10-29,6,24.6,0,ENE,50,17:24:00,12.3,67,8,S,13,1018.6,23.2,32,1,NE,13,1015.6,10,2018
2018-10-30,8.4,29.1,0,NW,50,11:35:00,16,64,8,NNW,11,1019,28,12,6,WNW,28,1014.7,10,2018
2018-10-31,6.4,31.1,0,W,41,12:50:00,18.3,28,8,NA,Calm,1020.3,30.6,12,6,WNW,28,1016.8,10,2018
2018-11-01,8.1,34.2,0,NNW,52,15:23:00,17.7,66,8,N,4,1022.4,31.2,20,6,NNW,19,1016.7,11,2018
2018-11-02,17.4,33.4,0,NW,74,13:23:00,24.9,30,7,NNW,28,1017.3,31.1,22,8,NW,44,1010.6,11,2018
2018-11-03,15.9,27.5,1,NNW,56,23:15:00,19.6,30,8,NW,28,1012.8,25.2,18,1,WNW,31,1012.4,11,2018
2018-11-04,6.8,30.3,0,N,54,14:03:00,16.6,53,8,NW,9,1015.1,28.1,18,6,NNW,30,1009.1,11,2018
2018-11-05,11.8,27.5,0,NW,57,15:33:00,17.7,43,8,S,7,1011.1,24.8,26,8,NNW,37,1009.3,11,2018
2018-11-06,16,26.8,1.2,NW,54,14:08:00,19.2,81,8,NNW,13,1009.2,24.4,56,6,NW,35,1005.4,11,2018
2018-11-07,14.8,18.1,7.6,NW,37,14:44:00,17.4,91,8,NNE,2,1004.8,13.7,95,7,NNW,24,1004.5,11,2018
2018-11-08,4.1,19,9.8,N,37,16:26:00,10.1,60,1,SSE,4,1015.3,15.8,33,8,N,17,1015,11,2018
2018-11-09,3.6,20.8,0,NW,52,12:14:00,10.8,66,1,N,6,1020.7,19,29,6,W,26,1016.5,11,2018
2018-11-10,3.2,24.2,0,E,43,19:35:00,14.3,46,8,NA,Calm,1018.7,21.3,22,7,W,13,1015.7,11,2018
2018-11-11,5.6,26.5,0,E,50,18:18:00,14.7,57,8,WSW,7,1020.8,25.8,23,6,NW,17,1017.5,11,2018
2018-11-12,8.6,29.5,0,NE,35,20:05:00,16.6,52,8,WSW,9,1022.7,27.8,18,6,NE,7,1017.5,11,2018
2018-11-13,12.1,31.2,0,NNW,48,14:16:00,20,55,1,WSW,6,1018,29,20,6,NW,26,1013.9,11,2018
2018-11-14,16.5,22,0,NNW,54,13:36:00,16.9,85,8,N,22,1015.7,17.2,90,8,NW,35,1014.6,11,2018
2018-11-15,12.7,27.1,8.8,NNW,48,11:44:00,19.3,81,3,WNW,4,1018.2,21.8,55,3,NE,28,1016.5,11,2018
2018-11-16,11.4,23.7,0.2,NE,35,18:47:00,14.5,65,8,SE,7,1021.2,22.2,35,6,NE,9,1016.5,11,2018
2018-11-17,11,21.9,0,ESE,46,16:50:00,17.7,58,8,SE,15,1019.3,20.8,42,6,ENE,24,1018.6,11,2018
2018-11-18,10.7,22.2,0,E,46,11:43:00,15.5,51,8,E,19,1023.4,21.1,40,7,ENE,24,1020.5,11,2018
2018-11-19,10,26.1,0,ENE,43,18:51:00,15.9,48,2,NNE,11,1021.6,23.2,22,6,N,11,1016,11,2018
2018-11-20,9.7,30.2,0,NNW,41,11:11:00,18.3,62,8,ESE,7,1013.2,28,25,2,WNW,19,1006.2,11,2018
2018-11-21,16.3,23.7,12,NW,54,11:19:00,19.1,80,8,NW,26,1001.2,22.6,58,8,NW,26,999.4,11,2018
2018-11-22,9.6,15.2,22.4,NW,74,13:34:00,9.8,61,8,NW,13,998.9,14.1,49,4,NW,41,996.7,11,2018
2018-11-23,6.9,15.2,6.2,WNW,72,16:41:00,10.3,68,8,NW,35,998.3,10.8,72,8,WNW,31,1000.6,11,2018
2018-11-24,8.7,20.8,0.4,W,57,15:01:00,15.1,52,8,WNW,24,1002.4,19.8,43,7,WNW,35,1001.2,11,2018
2018-11-25,5.5,23.1,0,SSW,50,14:59:00,13.9,66,8,WNW,9,1002.3,22.7,33,2,WNW,15,998.7,11,2018
2018-11-26,8,23.8,1,S,39,06:57:00,15.3,57,8,S,26,1005.9,21.2,34,8,S,7,1004.7,11,2018
2018-11-27,11.9,24.2,0.2,E,35,17:58:00,16.7,64,8,N,9,1006.4,23.8,31,2,W,9,1002.7,11,2018
2018-11-28,13.6,18.2,7.8,SE,48,12:59:00,13.7,93,8,SSE,20,1001.8,15.4,73,8,SE,24,1003.7,11,2018
2018-11-29,10.8,23.4,3.8,SSW,41,06:53:00,15.9,60,1,S,28,1010.7,22.2,33,2,W,9,1009.2,11,2018
2018-11-30,13,25.9,0,NW,46,11:52:00,15.4,69,2,NNW,4,1011.9,25.4,29,1,WNW,26,1007.9,11,2018
2018-12-01,9,29.3,0,NW,50,12:52:00,17,68,8,NW,9,1012,28,17,6,NNW,30,1006.7,12,2018
2018-12-02,9.7,26.1,0,WNW,72,09:04:00,25,28,8,NW,35,997.7,21.4,34,6,WNW,31,1000.4,12,2018
2018-12-03,9.1,23.9,0,W,59,12:49:00,15.9,43,8,W,28,1008.7,23.4,29,6,WNW,37,1007.1,12,2018
2018-12-04,13,28.6,0,E,50,16:30:00,18.9,45,8,W,7,1013.1,27.3,25,6,NW,13,1012.4,12,2018
2018-12-05,14.2,24.7,0,E,43,18:32:00,16.1,69,8,NE,13,1021.2,22.4,46,5,NE,19,1018.8,12,2018
2018-12-06,12.1,29.3,0,ENE,31,15:33:00,15.9,72,7,SE,2,1022.9,27.5,36,6,NNE,11,1018.8,12,2018
2018-12-07,11.5,32.5,0,NNE,33,20:09:00,19.1,58,8,SSE,6,1021.8,31.7,21,6,N,11,1016.9,12,2018
2018-12-08,12.6,33.5,0,NNW,37,10:19:00,22.8,48,1,WNW,6,1019.3,30.9,21,1,WNW,19,1016.6,12,2018
2018-12-09,14.5,32.9,0,SSW,41,13:40:00,25.2,39,8,S,4,1017.3,28.1,32,7,SSE,19,1015.1,12,2018
2018-12-10,16,29,17,N,52,15:15:00,17.5,91,8,NNE,9,1015.1,26.5,47,6,N,28,1012.4,12,2018
2018-12-11,16.1,25,0,E,37,16:13:00,17.4,78,8,NE,11,1018.1,22.9,58,6,ENE,11,1015.2,12,2018
2018-12-12,14.9,28.4,0.6,ENE,44,18:53:00,16.9,66,1,SE,7,1015.3,26.8,34,1,NE,13,1009.4,12,2018
2018-12-13,16.8,24.4,28.6,NW,81,17:17:00,16.9,99,8,SE,9,1001.3,23.6,68,8,NW,11,997.9,12,2018
2018-12-14,15.1,23,33.2,ENE,37,10:18:00,18.7,81,8,E,19,1001.8,22.2,62,8,E,17,1001.7,12,2018
2018-12-15,16.1,26.4,9.2,N,37,10:25:00,21.3,78,1,NNE,19,1006.2,25.6,35,3,WNW,17,1004.1,12,2018
2018-12-16,13.6,27.8,0,NW,52,13:49:00,21.6,56,8,WNW,11,1007.1,26.1,36,8,NNW,30,1005.2,12,2018
2018-12-17,10.7,28.5,0,E,39,20:05:00,20.7,57,8,NNW,4,1010.3,27.5,37,6,WNW,22,1008.7,12,2018
2018-12-18,14.2,30.6,0,E,50,16:05:00,20.6,66,8,ENE,9,1014.5,29,37,6,NW,9,1010.7,12,2018
2018-12-19,17.8,29.3,0,ENE,35,19:04:00,18.5,80,8,NNE,9,1014.7,26.3,52,2,N,7,1010.6,12,2018
2018-12-20,17.1,33.3,0,ESE,56,17:28:00,22.7,68,8,NW,2,1008.3,32.5,42,2,NNW,15,1002.5,12,2018
2018-12-21,15.3,22.9,0,SSW,39,22:55:00,17.1,72,8,SE,13,1007.8,21.9,60,6,E,17,1005.5,12,2018
2018-12-22,11.1,22.5,16.2,ESE,35,15:43:00,13.4,67,7,S,22,1012.5,21.2,36,2,SSW,19,1012.5,12,2018
2018-12-23,7.6,23.6,1.6,N,26,12:28:00,14.5,57,8,S,13,1020.5,21.6,37,6,WSW,9,1018.6,12,2018
2018-12-24,9.5,28.6,0,NNW,26,17:33:00,17.5,63,8,SW,7,1021,27.3,24,6,WSW,11,1017.3,12,2018
2018-12-25,11.2,31.8,0,E,35,19:43:00,20.8,50,8,ENE,2,1018.6,30.9,22,6,WNW,13,1015.4,12,2018
2018-12-26,13.2,34.4,0,WSW,41,14:02:00,23.9,44,8,NNE,4,1017.1,33.3,20,1,W,19,1013.6,12,2018
2018-12-27,15,36.5,0,NNW,37,12:53:00,24.3,53,8,E,2,1015.1,35,17,1,W,19,1011,12,2018
2018-12-28,17.8,36.8,0,W,56,12:35:00,27.1,36,5,NA,Calm,1013.5,33.8,20,8,NW,24,1011.4,12,2018
2018-12-29,16.9,36.7,0,ENE,48,17:00:00,29.5,32,8,NNW,20,1014.6,36.2,16,6,NW,22,1012,12,2018
2018-12-30,16.7,34.5,0,W,44,18:27:00,21.8,60,5,ESE,4,1015.5,33.7,14,8,NW,31,1013.6,12,2018
2018-12-31,17.7,34.1,0,W,57,12:53:00,25.9,46,8,SE,4,1013.9,29.8,29,1,W,26,1011.5,12,2018
2019-01-01,13.7,35.3,0,E,35,19:21:00,23.8,49,8,NNW,4,1012.7,33.7,26,6,W,17,1009.1,1,2019
2019-01-02,18,35.9,0,ENE,52,17:01:00,25.1,57,8,NNW,4,1011.1,33.8,24,6,WNW,26,1007.7,1,2019
2019-01-03,18.4,35.3,0,NE,37,19:10:00,23.4,64,7,ESE,6,1013.4,32.3,32,6,NE,11,1009.8,1,2019
2019-01-04,17.2,38.1,0,NW,46,12:43:00,26.2,51,8,NW,2,1013.2,36.3,24,2,WNW,20,1008.8,1,2019
2019-01-05,21.1,36.7,0,NNW,74,12:40:00,31.1,36,8,NW,30,1008.6,32.6,29,8,WNW,35,1004.9,1,2019
2019-01-06,13.4,25,7,E,43,19:17:00,17,70,7,SE,15,1015.9,24.3,44,1,ENE,22,1015.2,1,2019
2019-01-07,14.8,24.1,0,NE,33,15:06:00,17.3,72,8,ENE,9,1019.2,23.1,58,8,NE,11,1016,1,2019
2019-01-08,16.8,30.7,11.2,NNW,83,15:41:00,20.2,86,1,SSE,7,1013,29.6,44,4,NNW,22,1008.2,1,2019
2019-01-09,13.7,30.7,9.4,E,46,17:41:00,18.6,84,2,SW,2,1011.9,29.9,26,1,NW,20,1009.9,1,2019
2019-01-10,16.4,27.5,0,ENE,50,16:47:00,19.8,71,8,NNE,9,1016.7,26,52,6,NE,13,1014.5,1,2019
2019-01-11,17.6,29.4,0,N,70,13:23:00,21.2,71,7,NE,9,1018.2,21.5,67,8,N,26,1014.6,1,2019
2019-01-12,13.7,34.2,2.2,NNW,31,15:00:00,22.1,69,8,N,11,1016.2,33.5,32,6,NNW,11,1014.2,1,2019
2019-01-13,16,29.1,0,E,44,16:58:00,22.3,38,2,ESE,9,1019.6,27.9,44,6,NE,20,1017.6,1,2019
2019-01-14,16,36.4,0,NNW,46,14:36:00,21.3,70,7,NNE,4,1018,33.9,33,6,NW,28,1013,1,2019
2019-01-15,18.7,40.1,0,WNW,50,12:36:00,27.8,45,8,N,7,1013,39,10,6,W,30,1009.5,1,2019
2019-01-16,20.1,41.6,0,SSW,44,16:25:00,29.5,37,8,SSE,9,1011.7,39.6,10,6,NW,11,1008.6,1,2019
2019-01-17,17.1,41.4,0,NNW,52,15:35:00,27.7,38,8,SE,9,1012.2,39.6,19,6,WNW,22,1007.9,1,2019
2019-01-18,20.5,40.1,11.2,NNW,74,18:08:00,25.1,53,8,SSW,7,1012.3,39,21,6,NNW,33,1007.5,1,2019
2019-01-19,21.4,36,1,E,48,17:41:00,24.5,74,8,N,7,1015.4,33.9,32,4,NW,13,1014.1,1,2019
2019-01-20,17.1,35.1,0,ENE,48,17:55:00,18.7,75,8,ESE,13,1020.4,32.2,33,6,NNE,6,1015.5,1,2019
2019-01-21,16.9,34.3,0,NE,43,15:05:00,22.1,68,1,SE,4,1018.4,32.2,35,2,N,26,1013.8,1,2019
2019-01-22,16.9,38.4,0,NW,52,12:39:00,24.6,55,8,WSW,6,1015.6,36.6,25,6,NW,24,1011.2,1,2019
2019-01-23,19.7,35.4,2,E,52,13:07:00,26.1,61,8,NW,6,1012.3,24.2,73,8,E,20,1010.9,1,2019
2019-01-24,14.9,32,4.2,E,35,16:08:00,19.3,76,8,SE,9,1017,29.9,45,1,ENE,11,1013.5,1,2019
2019-01-25,15.9,39.4,0,NW,48,10:20:00,22.4,71,8,ESE,6,1013.9,37.2,24,6,NNW,24,1009.3,1,2019
2019-01-26,20.5,41.5,0,NW,63,15:11:00,30.9,37,8,SW,6,1009,40.7,17,6,NW,26,1005.2,1,2019
2019-01-27,21.2,31.2,7.2,WSW,50,13:13:00,24.7,67,4,N,9,1009.1,28.9,36,8,W,24,1010.5,1,2019
2019-01-28,20,26.1,0,E,28,05:14:00,21.8,76,6,ENE,13,1015.6,24.5,59,6,W,20,1015.4,1,2019
2019-01-29,19.1,35.7,3.2,ENE,39,19:29:00,23.2,74,8,N,4,1013.8,33.4,37,1,NNW,19,1010.8,1,2019
2019-01-30,19,37.1,2.6,N,69,17:12:00,24.1,67,8,SE,6,1012.8,35.3,26,7,NNW,28,1008.3,1,2019
2019-01-31,22.2,35.2,0,ENE,57,18:19:00,28.1,41,8,NW,26,1009.1,34.1,31,6,WNW,31,1007.6,1,2019
2019-02-01,14.7,20.7,0,ESE,41,12:09:00,15.3,66,8,SE,19,1020.5,20.3,55,8,ENE,24,1019.7,2,2019
2019-02-02,15.1,29.5,0,NNE,30,19:44:00,19.1,77,8,E,13,1020.1,26.5,52,8,E,7,1016.6,2,2019
2019-02-03,15.9,35.8,0,SE,41,18:25:00,22.9,69,8,NNW,7,1015.8,34.8,29,6,NNW,24,1011.3,2,2019
2019-02-04,19.3,33.6,2.2,S,63,19:50:00,21.2,79,6,NNE,13,1013.2,30.1,41,8,W,15,1011.1,2,2019
2019-02-05,17.8,27,32,SSW,41,15:55:00,22,70,8,SSE,13,1015.9,25.1,60,8,SE,22,1014.6,2,2019
2019-02-06,18,29.9,2.8,E,46,16:54:00,22.5,71,8,SE,7,1015.9,29,42,5,NE,17,1013.3,2,2019
2019-02-07,16.8,31.1,0,W,39,14:57:00,21.5,67,8,ESE,4,1014.7,30.3,39,6,NW,20,1009.8,2,2019
2019-02-08,17.3,31.2,0,WNW,52,15:12:00,22.5,67,8,NW,24,1007.8,28.3,28,8,W,20,1004.4,2,2019
2019-02-09,15.8,24.4,5.4,NW,76,15:11:00,19.6,67,2,NNW,24,1000.2,22.2,34,2,WNW,41,997.6,2,2019
2019-02-10,5.5,24.9,0,NNW,41,16:33:00,13.5,56,8,N,6,1008.3,22.9,31,6,NW,20,1005.8,2,2019
2019-02-11,8.3,28.4,0,NNW,52,15:31:00,16.2,58,8,NNW,7,1006.1,27.2,24,6,NNW,31,1001.6,2,2019
2019-02-12,9.8,30.2,0,NW,81,13:05:00,21.7,34,8,NNW,22,998.3,29.7,18,6,WNW,44,994.9,2,2019
2019-02-13,11.6,23,0,WNW,43,10:56:00,15.3,35,8,W,19,1005.5,21.6,20,6,NW,17,1006.3,2,2019
2019-02-14,5.7,27,0,E,35,19:58:00,13.4,70,8,WSW,7,1018.6,24.5,28,6,W,13,1016,2,2019
2019-02-15,13.3,29.5,0,E,44,18:38:00,18.6,62,1,E,7,1023.5,27.9,31,6,SW,15,1019.8,2,2019
2019-02-16,10.9,29,0,NNW,24,11:57:00,17.8,66,8,ESE,7,1021.2,27,30,6,WNW,7,1016.2,2,2019
2019-02-17,10.5,33.3,0,NW,41,13:05:00,18.5,57,8,SSW,6,1014.2,31.9,20,1,NW,22,1010.3,2,2019
2019-02-18,13.6,36,0,W,69,16:33:00,20.7,56,8,S,2,1010.1,35.2,17,6,NW,31,1005,2,2019
2019-02-19,13.8,32.9,0,ESE,50,17:18:00,22,65,8,W,6,1006,32.1,8,6,W,26,1004.9,2,2019
2019-02-20,14.5,28.9,0,ENE,46,18:43:00,16.7,70,8,NNW,9,1012.4,26.4,29,6,NNW,13,1009.2,2,2019
2019-02-21,13.2,27.7,0,E,43,17:30:00,18.3,72,8,ENE,7,1016.1,25.6,45,1,NNE,17,1014.3,2,2019
2019-02-22,14.1,26,0,NE,48,14:28:00,16,67,8,SE,13,1020.7,24.4,36,6,SE,20,1018.4,2,2019
2019-02-23,8.9,27.2,0,E,56,15:43:00,15.7,66,8,SE,13,1022.8,25.7,29,6,ESE,30,1020.7,2,2019
2019-02-24,10.6,25.7,0,SSE,39,15:21:00,15.9,52,8,SSE,22,1027.8,24.2,27,6,SE,19,1026,2,2019
2019-02-25,9.5,28.9,0,NNE,39,14:52:00,16.6,60,8,SSE,9,1027.8,27.3,31,6,N,15,1023,2,2019
2019-02-26,10.4,32.6,0,ESE,50,17:09:00,16.9,68,8,NA,Calm,1021.6,30.6,24,1,WNW,15,1016.9,2,2019
2019-02-27,12.5,28.9,0.4,ENE,43,18:18:00,18.9,58,8,ESE,15,1023.4,27.2,34,6,E,19,1020.6,2,2019
2019-02-28,14,32.6,0,E,35,16:41:00,19.5,69,8,NA,Calm,1024.3,30.7,25,6,N,11,1019.8,2,2019
2019-03-01,14,30.3,0,E,44,19:33:00,19.7,68,3,SE,9,1024.9,28.8,25,1,NE,17,1022.5,3,2019
2019-03-02,14.7,30.9,0,NNW,33,13:57:00,20.9,62,8,ESE,13,1025.3,28,30,8,NNW,17,1021.3,3,2019
2019-03-03,12.7,32.3,0,N,28,14:11:00,18.7,67,8,ESE,9,1024.3,31,25,6,NW,7,1019.8,3,2019
2019-03-04,13.6,34.1,0,SSW,35,15:56:00,21.4,57,1,S,6,1022,33.3,19,6,NW,7,1018,3,2019
2019-03-05,15.3,29.4,0,W,57,19:44:00,21.5,56,5,WSW,15,1017.7,25.9,40,6,WNW,13,1013.7,3,2019
2019-03-06,15.9,22.6,0,NNW,48,13:09:00,19.4,74,8,WNW,7,1009.4,21.4,51,1,NW,31,1009.9,3,2019
2019-03-07,4.2,23.7,9.8,E,39,19:02:00,10,55,8,SSE,19,1023.3,21.4,29,6,NNW,11,1020.4,3,2019
2019-03-08,7.7,28.3,0,WNW,39,11:41:00,14.1,77,8,NA,Calm,1020.9,25.6,37,6,NNW,24,1017.4,3,2019
2019-03-09,14.1,29.5,0.2,E,41,17:20:00,18.1,82,8,NA,Calm,1018.6,27.8,24,8,WNW,17,1015.7,3,2019
2019-03-10,11.4,29.6,0.2,WSW,59,18:40:00,18,70,8,NA,Calm,1015.1,27.5,33,6,W,28,1010.3,3,2019
2019-03-11,9.9,29.6,0,NNW,46,14:20:00,16.9,72,8,ESE,6,1011.5,29.3,28,6,NW,24,1007.8,3,2019
2019-03-12,9.9,26.7,0.2,WNW,52,09:51:00,20.4,50,8,NW,20,1007.2,25.6,24,6,WNW,22,1006.9,3,2019
2019-03-13,13.6,23.4,0,ENE,37,17:01:00,14.7,74,7,SE,7,1016.9,21.1,51,8,NNE,17,1015.1,3,2019
2019-03-14,14.6,28.4,0,ENE,35,15:08:00,18.5,77,6,NA,Calm,1014.1,26.2,38,6,NW,19,1009.8,3,2019
2019-03-15,12.4,24.9,0,ESE,37,19:42:00,16.3,68,8,SSW,24,1016,23,42,7,ENE,11,1015.8,3,2019
2019-03-16,13.2,24.5,0,SE,43,10:16:00,18.2,65,8,SSE,19,1020.5,22.5,45,8,E,20,1019.3,3,2019
2019-03-17,14.6,23.1,0,SSW,39,22:46:00,18.1,71,8,S,15,1018.6,21.9,46,7,SE,20,1015.2,3,2019
2019-03-18,12.7,25.5,15.8,SSE,54,11:42:00,18.8,76,8,SSW,28,1011.7,24.4,56,8,ESE,30,1011.4,3,2019
2019-03-19,15.7,26,0,SE,41,14:22:00,18.7,78,8,S,11,1014.5,25.2,46,8,ESE,20,1012.3,3,2019
2019-03-20,12.2,28.8,0.2,ENE,44,07:41:00,17.2,83,8,NA,Calm,1015.5,26.5,37,3,S,9,1012.5,3,2019
2019-03-21,14.7,27.3,0.2,E,28,17:25:00,18.6,73,8,SE,13,1017.4,26.2,45,7,N,13,1014.5,3,2019
2019-03-22,16.7,22.5,0,SW,26,12:40:00,18.8,76,8,SSE,6,1017.5,20.7,64,6,WSW,9,1015.8,3,2019
2019-03-23,10.1,24.6,1,WSW,15,10:39:00,14.1,96,7,NA,Calm,1014.7,24,50,6,N,6,1011.4,3,2019
2019-03-24,14,27.5,0,NW,54,22:09:00,16.5,90,8,N,11,1014.7,25.3,46,8,NW,20,1010.6,3,2019
2019-03-25,16.5,22.5,0.6,NW,69,10:22:00,16.9,89,8,NW,39,1008,19.7,68,1,NW,35,1006.3,3,2019
2019-03-26,8,22.6,0,WNW,56,07:14:00,12.8,40,8,NW,31,1014.2,21.1,23,6,NW,24,1014.9,3,2019
2019-03-27,4.2,22.9,0,ENE,31,18:29:00,10.5,69,8,SE,15,1024.2,21.8,38,6,NE,17,1021,3,2019
2019-03-28,6.8,26.4,0,NW,37,15:06:00,13,89,8,SE,7,1020.6,24.9,41,6,NNW,22,1016.1,3,2019
2019-03-29,12.2,25,1,NNW,44,14:22:00,16.3,93,8,N,11,1014.3,23.2,57,5,N,22,1008.9,3,2019
2019-03-30,13.3,16.4,45.2,WNW,69,14:55:00,14.8,98,8,N,7,1002,13.9,44,8,WNW,35,1002.1,3,2019
2019-03-31,3.1,16.9,1.8,NW,48,14:32:00,9.8,58,8,WNW,13,1013.4,16.2,48,6,WNW,28,1014.1,3,2019
2019-04-01,3,19.4,0,ENE,31,14:08:00,8.4,89,8,NA,Calm,1023.4,17.2,59,8,NE,19,1023.6,4,2019
2019-04-02,7.2,22.7,0,NE,24,18:22:00,11.7,89,3,N,4,1029.3,21.3,49,8,NNW,13,1025.3,4,2019
2019-04-03,7.9,24.6,0,E,37,19:22:00,12.2,99,8,NA,Calm,1028,23.7,42,3,WNW,15,1025.4,4,2019
2019-04-04,12.2,22.5,0,SE,31,19:02:00,16.1,62,7,SSE,7,1031,20.8,52,8,E,17,1029.3,4,2019
2019-04-05,13.9,21,0,NE,26,09:32:00,15.2,77,8,ENE,15,1031.1,19.4,57,8,NE,13,1026.7,4,2019
2019-04-06,9.6,25.2,0,NNW,44,14:59:00,14.8,95,6,NNW,13,1022.8,22.7,49,4,NNW,22,1019.2,4,2019
2019-04-07,7.6,24.9,0,NW,41,14:06:00,13.2,99,8,SE,2,1020.6,24.4,26,6,NW,26,1016.1,4,2019
2019-04-08,6.3,24.8,0,NW,48,13:43:00,16,56,8,SW,2,1017.3,23.5,28,1,NW,33,1014.1,4,2019
2019-04-09,13,20.9,0,WSW,50,12:58:00,18.4,47,8,WNW,28,1012.6,18.7,34,6,WNW,28,1013.7,4,2019
2019-04-10,0.5,18.5,0,SSW,28,13:01:00,10.1,56,8,SE,15,1025.3,17.9,35,6,W,11,1022.6,4,2019
2019-04-11,1.6,20.1,0,E,33,19:16:00,10.2,71,8,NA,Calm,1027.1,19.5,39,6,WNW,6,1023.2,4,2019
2019-04-12,10.2,21.8,0,W,30,14:19:00,14.3,66,8,ENE,6,1027,19.8,46,5,WNW,11,1022.5,4,2019
2019-04-13,4.7,23.2,0,ESE,30,16:52:00,13.6,61,8,ESE,6,1025.3,21.7,34,5,ESE,11,1021.8,4,2019
2019-04-14,10.5,21.5,0,ENE,30,16:51:00,15.6,63,1,SE,11,1026.8,21.2,46,3,ENE,13,1022.8,4,2019
2019-04-15,6.1,22.2,0,NE,28,15:01:00,13.8,72,1,SSW,4,1026,21.8,39,5,NNW,13,1022.2,4,2019
2019-04-16,6.9,23.9,0,W,20,15:24:00,13.6,75,8,SE,9,1027.5,22.3,35,6,NW,9,1023.2,4,2019
2019-04-17,7.2,24.3,0,WSW,26,12:30:00,14.5,79,8,SSW,9,1027.1,23.9,29,6,NW,11,1023,4,2019
2019-04-18,6.3,26.1,0,W,33,14:50:00,14.9,69,8,NA,Calm,1026.5,25.5,30,6,W,24,1023.9,4,2019
2019-04-19,13.7,24.9,0,NNW,20,14:38:00,15.4,79,8,NA,Calm,1030.1,24.3,42,6,NW,9,1025.6,4,2019
2019-04-20,9.8,25.8,0,E,26,19:15:00,15.4,84,8,NA,Calm,1028,25.7,35,6,SW,13,1023.2,4,2019
2019-04-21,8.8,24,0,NW,28,12:21:00,16.7,79,8,WSW,7,1025.5,23,52,1,WNW,11,1022.1,4,2019
2019-04-22,11.7,25.1,0,ESE,46,14:24:00,18.9,70,8,WSW,6,1023.4,17.4,82,8,SW,11,1022.1,4,2019
2019-04-23,10.1,23.7,10,E,33,19:17:00,15.1,87,7,S,11,1028.9,22.7,51,8,SSE,9,1024.9,4,2019
2019-04-24,10,24,0,NW,28,13:26:00,16.1,84,1,NNW,4,1026.4,22.3,51,1,NW,17,1021.7,4,2019
2019-04-25,8,24.6,0,NNW,33,12:39:00,14.9,78,8,NA,Calm,1022.3,22.6,50,4,W,22,1018,4,2019
2019-04-26,10,19.2,0,WNW,59,10:36:00,15.7,57,8,NW,20,1016.2,16.8,46,8,WNW,22,1013.3,4,2019
2019-04-27,1,16.7,0,N,35,16:01:00,8.5,60,8,SE,11,1024.9,15.9,34,6,NNW,22,1021.3,4,2019
2019-04-28,0.2,19.1,0,NNW,39,14:48:00,8.9,64,8,N,7,1022.8,18,40,6,NNW,28,1019.7,4,2019
2019-04-29,1.6,21.2,0,NNW,20,13:21:00,10.3,69,8,SSE,7,1026.4,20.5,31,6,NNW,9,1022.2,4,2019
2019-04-30,4.4,22.6,0,NNW,39,15:12:00,11.5,93,8,NA,Calm,1022.2,22.2,36,2,NW,20,1017.8,4,2019
2019-05-01,6.5,20.8,0,NNW,33,10:58:00,12.4,80,8,NNW,6,1022,20.1,61,8,WNW,13,1021.3,5,2019
2019-05-02,8.8,23.8,0,NNW,26,15:51:00,16,84,8,ESE,4,1026.6,22.4,57,8,NW,11,1022.5,5,2019
2019-05-03,15.2,20.4,20.8,NNW,43,08:29:00,15.8,99,8,NNW,24,1019.1,18.9,75,6,N,33,1015.8,5,2019
2019-05-04,5,19,0.6,SSE,41,18:54:00,10.9,82,8,NA,Calm,1018.1,16.6,47,2,WNW,22,1015.6,5,2019
2019-05-05,4.9,17.4,0,S,48,15:02:00,12.7,65,8,S,24,1021,14.9,58,8,S,33,1019.4,5,2019
2019-05-06,2.2,16.6,0,N,30,16:12:00,11.1,66,8,NA,Calm,1021.1,16,54,6,NNW,15,1016.6,5,2019
2019-05-07,0,15.5,0,NNW,48,15:33:00,5.5,99,8,NA,Calm,1017.5,14.4,53,6,NNW,30,1013.5,5,2019
2019-05-08,1.4,13.1,1.8,WNW,54,12:31:00,9.5,76,8,NW,19,1012.5,11.2,54,8,WNW,28,1014.4,5,2019
2019-05-09,0.8,14.4,0,N,39,12:47:00,8.4,86,8,NNW,4,1019.8,13.7,52,6,NNW,24,1015.5,5,2019
2019-05-10,3.4,11,0,NW,46,13:50:00,8.4,84,5,SSW,11,1013.9,7,94,8,NNW,17,1012.6,5,2019
2019-05-11,4.4,16.2,10.4,NNW,31,14:19:00,10.1,72,8,WNW,11,1020.1,15,60,6,NW,17,1021.1,5,2019
2019-05-12,0.2,12,0.2,NNE,15,12:39:00,4.7,99,8,SE,4,1029.7,11,73,6,SE,7,1027.8,5,2019
2019-05-13,0.7,17.3,0.2,NNW,30,13:14:00,6.6,99,8,NA,Calm,1031,16.7,48,6,NW,19,1027,5,2019
2019-05-14,0.3,18.1,0,NW,19,15:03:00,5.5,90,8,NNW,7,1029.7,17.6,35,6,NNW,13,1027.3,5,2019
2019-05-15,-1.6,17.5,0,NNW,19,13:49:00,5.8,78,8,SE,6,1032.3,17,28,6,NNW,13,1029,5,2019
2019-05-16,2,19,0,W,19,14:03:00,9.6,78,4,NA,Calm,1030.9,18.6,44,6,W,7,1026.5,5,2019
2019-05-17,0.3,19.1,0,NW,33,13:30:00,7,85,8,ESE,4,1029.8,18.8,44,6,NNW,17,1026.6,5,2019
2019-05-18,-0.1,19.2,0,SE,19,22:10:00,7.7,82,8,SSE,9,1032.6,18.9,31,6,WSW,9,1029.4,5,2019
2019-05-19,3.6,18.9,0,NNW,17,13:46:00,10.3,86,1,SSW,4,1033.4,17.8,52,4,NW,13,1029,5,2019
2019-05-20,4.6,19.4,0,NNW,35,15:36:00,8.4,91,6,NA,Calm,1029.1,18.9,51,1,NNW,20,1024.5,5,2019
2019-05-21,5.7,21.3,0,NW,37,14:17:00,14.8,72,8,N,17,1026.3,19.2,55,6,NNW,28,1024.5,5,2019
2019-05-22,3.4,20.7,0,N,20,13:08:00,9.6,85,8,NA,Calm,1029.9,19.9,43,6,NW,13,1027.1,5,2019
2019-05-23,6.8,19.4,0,NW,28,14:09:00,10.9,86,7,SSE,9,1030.6,18.8,49,6,NNW,19,1026.2,5,2019
2019-05-24,-0.3,17.4,0,NNW,26,15:21:00,4.9,99,8,NNE,7,1026.2,16.7,49,8,NNW,17,1022.5,5,2019
2019-05-25,1.8,20,0,NW,44,12:43:00,8.7,85,8,NA,Calm,1021.6,18.5,48,8,WNW,22,1016.8,5,2019
2019-05-26,8.6,14.4,8,WNW,46,04:03:00,11.1,79,8,NW,20,1015.3,13.3,45,6,NW,26,1014,5,2019
2019-05-27,5.8,9.1,0.4,NNW,63,07:59:00,5.8,78,8,WNW,26,1009,7.4,59,8,WNW,37,1008.6,5,2019
2019-05-28,4.2,10.4,0.4,NW,61,19:13:00,6.6,67,8,NNW,31,1013.9,7.2,84,8,NNW,33,1011.2,5,2019
2019-05-29,6.5,9.8,1.2,NW,69,08:56:00,7.6,89,8,NNW,46,1004.6,9.2,60,6,WNW,31,1004.3,5,2019
2019-05-30,1.1,11,2.2,WSW,37,16:03:00,4.9,69,8,N,9,1017.8,10.6,43,6,NW,20,1017.7,5,2019
2019-05-31,-2.7,12,0,N,31,12:12:00,3.5,93,8,SSW,4,1024.1,11.4,64,6,N,22,1023.1,5,2019
2019-06-01,-0.7,15.2,0.2,S,30,13:23:00,4,99,8,NA,Calm,1030.1,14.7,51,6,SSW,11,1028.7,6,2019
2019-06-02,-1.6,15.7,0,NNW,30,14:08:00,4.2,90,8,NA,Calm,1029.3,14.9,51,6,NNW,20,1023.7,6,2019
2019-06-03,2.9,11.4,0.4,S,57,23:07:00,7.6,87,8,N,11,1017.1,8.7,64,8,NW,17,1013.5,6,2019
2019-06-04,4.4,11.4,3.6,S,69,06:05:00,6.5,67,2,S,39,1019.3,9.7,59,7,SSW,37,1020.7,6,2019
2019-06-05,3.3,12.3,0,S,46,00:04:00,7.8,63,1,S,19,1029.5,11.6,50,6,SSE,13,1028,6,2019
2019-06-06,-3.9,14.6,0,W,19,16:08:00,1.6,95,8,NE,4,1032.6,13.9,47,6,NW,13,1031.2,6,2019
2019-06-07,-1.3,17,0.2,SE,17,04:15:00,5.5,87,8,S,6,1038.4,16.5,44,6,NNW,7,1034.9,6,2019
2019-06-08,-0.1,11.2,0,NNW,20,15:50:00,4.1,99,8,N,4,1033,10.3,78,6,NA,Calm,1029.3,6,2019
2019-06-09,0.6,16,0,NW,28,15:57:00,4.6,100,8,NA,Calm,1026.9,14.3,70,8,NNW,17,1022.7,6,2019
2019-06-10,4.5,14.5,0.4,NNW,54,09:14:00,10.9,99,8,NNW,37,1020.3,12.7,85,8,NW,17,1017.8,6,2019
2019-06-11,3.8,16.3,2.8,NW,26,00:12:00,8.1,99,8,SE,7,1026.6,15.9,48,6,NW,13,1025,6,2019
2019-06-12,0.6,17.4,0,NNW,50,19:11:00,5.8,100,6,E,2,1023.5,16,64,3,NNW,30,1019.7,6,2019
2019-06-13,5.8,16.5,1.8,NW,39,11:00:00,12,99,8,NNW,20,1017.8,14.7,55,5,WNW,24,1016.3,6,2019
2019-06-14,-2.2,14.5,0,WNW,30,15:13:00,2.4,98,1,ESE,7,1022.2,14,47,2,WNW,17,1019.1,6,2019
2019-06-15,-1.4,13.7,0,NW,19,15:15:00,2.7,99,8,SE,6,1023.7,13.4,60,6,NNW,11,1021.2,6,2019
2019-06-16,-0.8,13.2,0.2,NNW,17,02:11:00,4,99,7,N,2,1024.9,12.7,55,8,NA,Calm,1021.3,6,2019
2019-06-17,1.1,15.6,0,SE,26,09:36:00,6.1,85,6,NA,Calm,1024.5,14.2,54,8,SSW,7,1022.2,6,2019
2019-06-18,0.5,13.7,0,NW,37,14:15:00,4.9,99,2,E,6,1022.1,11.5,59,8,NW,24,1018.9,6,2019
2019-06-19,-2.7,11.9,0.4,WNW,26,12:01:00,2.2,95,8,NA,Calm,1024.1,11.2,44,6,NW,9,1022.5,6,2019
2019-06-20,-4.4,11,0,N,31,14:29:00,1.5,83,8,SSW,2,1026.5,9,48,6,NNW,15,1022.3,6,2019
2019-06-21,-4.9,11.4,0,S,37,14:07:00,-0.5,99,8,SSW,4,1025.5,10.5,40,6,S,24,1024.2,6,2019
2019-06-22,-1.5,11.5,0,S,35,09:53:00,5.4,70,8,N,2,1029,10.8,44,6,SSE,15,1026.9,6,2019
2019-06-23,-3.8,10.8,0.2,SSW,39,12:04:00,6,75,2,SE,15,1029.5,9.8,57,8,S,28,1028.3,6,2019
2019-06-24,-0.8,13.6,0,ESE,33,13:05:00,6.3,81,8,SE,9,1034.1,11.8,55,7,ESE,20,1032.5,6,2019
2019-06-25,-2.2,15.9,0,SSE,19,00:37:00,4.1,89,8,N,6,1036.6,14.8,49,5,ESE,2,1033.7,6,2019
2019-06-26,0.4,15,0,E,22,14:27:00,7.3,80,8,SW,7,1038.7,14.4,46,6,E,9,1035.6,6,2019
2019-06-27,0.4,15.9,0,SE,17,01:30:00,6.4,99,8,SSE,6,1037.7,15.2,55,1,NE,7,1033.6,6,2019
2019-06-28,-1.1,16.7,0.4,NNW,30,13:34:00,1.9,99,6,NA,Calm,1034.2,15.8,49,6,NNW,17,1029.3,6,2019
2019-06-29,-1.7,16.6,0,N,54,20:39:00,4.4,99,5,NA,Calm,1027.8,15.1,56,2,NNW,24,1019.5,6,2019
2019-06-30,4.3,11.3,7.4,NNW,46,02:37:00,6.9,82,8,N,17,1021.3,10.2,49,6,NNW,26,1021.3,6,2019
2019-07-01,-4.7,12.5,0.2,N,31,16:59:00,0.6,90,8,N,4,1026.9,11.1,50,1,NNW,11,1022.1,7,2019
2019-07-02,-3.6,15,0,NW,37,15:05:00,0.6,96,8,NE,2,1023,14.1,34,6,NW,26,1020.5,7,2019
2019-07-03,-3.1,15.6,0,E,30,18:18:00,4.9,84,6,NA,Calm,1031.3,13.2,55,4,N,15,1030.7,7,2019
2019-07-04,2.5,13.3,0,E,35,12:27:00,9,76,1,ESE,7,1038.1,12.2,66,8,SE,19,1036.7,7,2019
2019-07-05,0,15.8,0,E,33,15:11:00,6.5,98,7,E,7,1039.2,12.8,79,8,E,13,1036,7,2019
2019-07-06,4.6,15.6,0.2,NE,26,14:17:00,8.5,99,8,SSW,6,1038,14.8,51,1,ENE,11,1034.5,7,2019
2019-07-07,0.2,15.3,0.2,NNW,17,15:46:00,8.9,83,6,NA,Calm,1034.6,14.6,60,6,NW,7,1030.5,7,2019
2019-07-08,7.3,15.9,0,NW,35,15:17:00,10.1,96,7,NNW,15,1026.3,14.9,58,3,WNW,26,1022.4,7,2019
2019-07-09,-1.2,13.4,0,WNW,39,15:02:00,3.9,90,8,SE,6,1022.6,12,48,6,WNW,28,1018.9,7,2019
2019-07-10,3.9,10.8,0,NNW,57,23:44:00,7.9,83,2,NNW,19,1019.1,9.5,64,8,NNW,28,1015.4,7,2019
2019-07-11,6,10.6,0.8,NW,61,01:50:00,7.8,67,8,NNW,22,1012.9,8.5,66,8,NNW,37,1011.9,7,2019
2019-07-12,7.7,13.1,0,NW,69,13:05:00,10.1,67,7,NW,31,1012.8,10.6,77,7,NW,48,1010.4,7,2019
2019-07-13,3.2,8.7,2.8,NNW,65,00:29:00,4.9,70,2,NNW,35,1013.4,7.4,61,1,WNW,35,1015.6,7,2019
2019-07-14,1,8.6,0,NW,63,17:32:00,4.7,70,8,NW,31,1022,6.1,69,8,NNW,28,1018.1,7,2019
2019-07-15,4.6,12.8,0.2,WNW,54,00:19:00,8.3,62,1,W,11,1018,12.2,46,6,WNW,28,1018.4,7,2019
2019-07-16,-2.1,14,0,NW,46,09:47:00,5,86,8,S,4,1021.2,13.2,47,6,WNW,30,1019.5,7,2019
2019-07-17,4.4,12.5,0,WNW,54,13:19:00,9.4,66,8,NNW,13,1020.1,11,50,6,WNW,35,1015.8,7,2019
2019-07-18,5.9,13,0,NW,46,14:30:00,9.4,55,8,WNW,19,1016.6,11.9,52,6,NW,33,1016.6,7,2019
2019-07-19,2.3,13.3,0,N,37,11:23:00,7.8,75,8,NW,20,1021.4,12.3,62,6,N,26,1021.2,7,2019
2019-07-20,-0.7,12.7,0,NNW,28,15:15:00,2.6,95,8,ESE,9,1025.3,12.5,61,6,NNW,17,1021,7,2019
2019-07-21,-4.7,15.8,0,NW,44,13:10:00,2.5,99,8,SW,4,1019.8,15.2,43,3,NNW,30,1015.8,7,2019
2019-07-22,-1.6,17.3,0,N,31,13:22:00,4.8,80,8,NA,Calm,1019.4,16.6,33,6,NW,22,1015.6,7,2019
2019-07-23,-2.4,16,0,WNW,59,14:48:00,10,58,8,NNW,30,1017.2,14.5,46,6,WNW,37,1015.6,7,2019
2019-07-24,7.8,13.5,0,WNW,57,00:48:00,9.3,53,8,WNW,22,1020.6,12.9,46,6,NNW,28,1021.3,7,2019
2019-07-25,-5.1,15.7,0,NW,24,15:42:00,1.9,85,8,S,9,1028.6,15.5,36,6,NNW,11,1024.6,7,2019
2019-07-26,-1.8,11.1,0,NW,19,14:28:00,2,93,7,NNE,2,1023.8,11,68,8,WNW,9,1021.8,7,2019
2019-07-27,0.2,16.2,0.2,WNW,28,17:05:00,4.4,100,8,E,7,1025.8,15.5,48,8,NW,19,1022.9,7,2019
2019-07-28,-3.3,14.3,0,NNW,31,15:09:00,3.3,97,8,N,2,1028,13.3,51,6,NNW,19,1023.8,7,2019
2019-07-29,-2.4,14.2,0,NW,37,12:56:00,3.3,89,7,N,6,1023.4,11,73,8,NNW,22,1020.2,7,2019
2019-07-30,-1.4,13.6,0.2,SSE,31,10:33:00,6.5,80,8,SE,15,1026.4,12.7,35,6,SSW,7,1025.5,7,2019
2019-07-31,-2.8,13.7,0.2,WNW,19,13:10:00,4.6,74,8,SE,11,1033.1,13.2,44,6,W,11,1029.8,7,2019
2019-08-01,-3.8,14.6,0,NW,28,12:55:00,2.4,83,8,N,4,1032,14.1,48,6,NW,20,1028.7,8,2019
2019-08-02,0,15.2,0,NNW,30,13:39:00,6.8,73,8,N,6,1032.8,14.9,39,6,NNW,19,1029.3,8,2019
2019-08-03,-0.9,13.3,0,N,33,16:23:00,4.6,98,8,NW,9,1030.9,12.3,57,6,N,20,1027,8,2019
2019-08-04,0.4,13.6,0,NW,24,17:00:00,1.4,93,8,SE,7,1031.1,12.3,53,2,NNW,15,1026.9,8,2019
2019-08-05,0.9,11.9,0,N,33,13:18:00,5.9,93,7,NA,Calm,1026.4,11,55,6,N,20,1023.5,8,2019
2019-08-06,-2.5,12.9,0,N,35,18:44:00,2.5,97,8,NE,7,1023.1,12.3,49,6,NNW,22,1018.3,8,2019
2019-08-07,-5,16,0,NW,43,13:22:00,3,90,2,NA,Calm,1016.2,14.4,32,6,NNW,31,1010.9,8,2019
2019-08-08,-3.5,12.6,3.2,WNW,63,15:24:00,5.7,93,8,NW,17,1005.1,10.3,55,1,NW,31,1002,8,2019
2019-08-09,4.1,8.7,6.6,NNW,72,02:51:00,5,89,8,NNW,35,999,7,63,2,NW,35,1000.2,8,2019
2019-08-10,0.8,8.8,3,W,52,14:03:00,3.5,87,4,NNW,19,1002.3,6.9,63,8,NW,30,1001,8,2019
2019-08-11,2,10.7,1.6,NNW,46,04:43:00,4.1,88,8,NNW,26,1002.2,8.8,54,8,WNW,26,1005.1,8,2019
2019-08-12,-1.6,13,0,NW,35,15:22:00,4.8,75,8,NW,9,1020.7,12.2,52,6,NNW,24,1020.3,8,2019
2019-08-13,-1.7,12.7,0,N,31,15:31:00,3,92,8,SE,2,1027.7,11.9,55,6,NNW,19,1025.1,8,2019
2019-08-14,-4.1,10.2,0,N,24,15:04:00,0.9,99,8,NA,Calm,1030.9,9.1,60,6,NNW,13,1027.4,8,2019
2019-08-15,-3.2,15.3,0.2,NNW,46,16:34:00,6.9,71,8,ENE,9,1027,14.5,28,6,WNW,31,1022.5,8,2019
2019-08-16,-2.8,18.3,0,NW,52,13:34:00,5.5,76,8,NA,Calm,1021.6,16.5,30,6,NNW,31,1016.5,8,2019
2019-08-17,0.3,17.8,0,E,37,19:29:00,9.5,61,8,SE,11,1021.4,16.2,35,6,SE,2,1019,8,2019
2019-08-18,-1.1,18.9,0,NW,70,19:46:00,4.9,99,8,NA,Calm,1019.1,18.4,36,8,NW,15,1011.8,8,2019
2019-08-19,2.6,9.4,2.4,WNW,56,13:15:00,5.7,73,7,NW,26,1016.3,8.5,49,6,WNW,31,1019,8,2019
2019-08-20,2.7,13.2,0,WNW,61,20:39:00,7.7,63,8,NW,30,1024,10.5,54,6,NW,37,1022,8,2019
2019-08-21,6.8,16.6,0,W,52,22:40:00,12.3,56,8,W,30,1017,16.1,38,6,WNW,30,1015.6,8,2019
2019-08-22,9,16.1,0,W,54,03:00:00,13.5,42,8,SW,24,1013.9,14.2,27,6,SSE,28,1016.6,8,2019
2019-08-23,-5.2,14.7,0,NNW,31,15:03:00,3.3,64,8,NA,Calm,1028.4,13.6,30,6,NNW,19,1024.4,8,2019
2019-08-24,-5.2,17.4,0,NW,56,13:49:00,8,60,8,NA,Calm,1022.1,16.4,32,6,NW,31,1017.3,8,2019
2019-08-25,0.1,18.3,0,N,46,14:36:00,11.7,43,8,N,15,1018.1,16.1,27,6,NNW,33,1017.4,8,2019
2019-08-26,5.1,13.7,0,NE,26,16:53:00,8.5,67,7,S,11,1024.5,11.8,56,6,ESE,9,1022,8,2019
2019-08-27,5,13.2,0.8,NE,20,18:44:00,7.3,88,8,SE,9,1025.5,12.7,57,8,NA,Calm,1022.3,8,2019
2019-08-28,1.6,17,0,WNW,44,15:24:00,7.8,88,8,NNW,9,1022.8,15.7,31,6,WNW,28,1017.5,8,2019
2019-08-29,0.7,13.8,0,SSE,41,10:25:00,7,62,6,S,19,1025.9,12.4,42,8,ESE,19,1024.6,8,2019
2019-08-30,1.3,14.5,0,SE,39,11:22:00,8,63,4,S,17,1029.3,13,46,6,ESE,13,1026.5,8,2019
2019-08-31,0.6,17.2,0,NNE,26,13:14:00,8.7,70,7,SE,13,1028.4,16.2,37,6,WNW,6,1022.8,8,2019
2019-09-01,-2.3,19.8,0,NW,39,14:18:00,7.1,70,8,NNE,4,1024.1,17.9,25,1,NW,20,1018.2,9,2019
2019-09-02,0.5,19,0.2,NW,28,17:34:00,10,68,8,NW,7,1020.7,18.1,33,6,WNW,11,1017.7,9,2019
2019-09-03,2.9,21.7,0,NW,41,14:39:00,11.7,58,8,NW,6,1019.2,21.2,28,6,NNW,28,1014.6,9,2019
2019-09-04,-0.3,22.2,0,NW,48,13:45:00,9.6,63,8,W,9,1017.3,19.4,26,8,WNW,31,1014.4,9,2019
2019-09-05,1.5,21.2,0,SW,31,15:33:00,10.9,55,8,S,7,1016.8,20.4,33,8,SW,13,1013.4,9,2019
2019-09-06,5.7,20.1,0,W,69,15:12:00,14.2,65,8,N,4,1004.7,14,53,8,NW,37,1000.7,9,2019
2019-09-07,5,11.8,3.8,WNW,69,14:41:00,8.3,61,8,WNW,33,1008.7,9.9,52,8,WNW,37,1008.2,9,2019
2019-09-08,4,13.4,0,WNW,57,14:52:00,9.1,47,8,WSW,24,1014.2,10.8,52,6,WNW,37,1011.7,9,2019
2019-09-09,3.7,14.1,0,SSW,69,13:34:00,9.3,43,5,W,17,1012.6,12.8,29,1,S,46,1014.8,9,2019
2019-09-10,-0.5,16.3,0,SSW,35,07:55:00,7.6,50,8,SSW,24,1026.4,15.5,24,6,NW,15,1024.5,9,2019
2019-09-11,-3.1,19.4,0,NNW,30,16:26:00,7.3,68,8,NNW,7,1031.5,18.6,28,6,NW,17,1027.4,9,2019
2019-09-12,-0.9,19.2,0,NW,50,15:19:00,12.1,51,8,N,22,1024.6,18.3,26,7,WNW,28,1019.3,9,2019
2019-09-13,-2.8,22.3,0,N,50,14:51:00,9.3,55,8,W,2,1025.2,21.4,17,6,N,35,1019.8,9,2019
2019-09-14,-0.5,21.8,0,NNW,35,14:30:00,12.1,49,8,NA,Calm,1024.6,20.1,27,6,NNW,22,1021.3,9,2019
2019-09-15,-0.4,24,0,NW,43,14:04:00,11.1,50,1,NNW,4,1024.4,22.9,17,6,NNW,31,1019.8,9,2019
2019-09-16,5.4,24.7,0,NNW,46,11:23:00,20,17,2,NNW,20,1016.1,19.5,37,8,WSW,24,1015.3,9,2019
2019-09-17,0.8,11.3,32,SE,50,14:00:00,5.6,82,8,SSE,19,1024.3,9.5,70,8,SE,30,1024.8,9,2019
2019-09-18,1.5,15.9,0,SE,35,09:50:00,10.6,59,8,SSE,15,1029.3,13.1,60,6,ESE,26,1027.2,9,2019
2019-09-19,10,20.1,0,ENE,31,16:01:00,13.1,87,8,SW,2,1028.3,18.5,52,8,NE,19,1024.5,9,2019
2019-09-20,5.6,23.3,0,NE,43,21:52:00,14.9,72,4,NW,4,1026.6,22.6,42,1,N,15,1020.9,9,2019
2019-09-21,10.1,18.7,0,NW,52,13:26:00,16.9,69,8,NA,Calm,1020.1,16.2,77,8,N,26,1016.8,9,2019
2019-09-22,6.9,17.2,3.8,NNW,50,13:13:00,13.2,49,5,W,20,1023.3,15,37,7,NNW,31,1021.3,9,2019
2019-09-23,0.1,13.6,0,WNW,50,11:09:00,10.9,58,6,WNW,24,1023.7,10.9,49,6,WSW,28,1023.1,9,2019
2019-09-24,-2.9,16.9,0.2,N,44,13:36:00,7.5,68,8,NNW,7,1027.7,15.3,39,6,NW,30,1024,9,2019
2019-09-25,-0.9,17.9,0,ENE,30,20:39:00,9.6,63,8,W,6,1029.4,16.8,34,6,S,7,1025.1,9,2019
2019-09-26,4.4,18.2,0,NNW,35,13:13:00,12.7,65,4,NNW,7,1027.1,16.9,37,2,NNW,19,1022.9,9,2019
2019-09-27,0.7,20.8,0,WNW,54,14:28:00,11.3,62,8,SW,7,1020.3,18.8,29,7,W,26,1015.8,9,2019
2019-09-28,3.7,18.1,0,NNW,31,00:16:00,11.4,42,8,SW,17,1018.2,17.2,35,6,NNW,13,1016.7,9,2019
2019-09-29,2.2,20.2,0,N,48,13:14:00,10.9,65,8,NNW,6,1018.7,18.5,29,6,NNW,33,1016.1,9,2019
2019-09-30,3.6,19.7,0,E,43,18:48:00,11.7,57,8,SSE,9,1024.8,19.1,29,6,NW,11,1023.2,9,2019
2019-10-01,5.6,21.1,0,NNW,31,17:02:00,11.9,64,1,NW,7,1031.7,20.2,26,6,N,17,1026.5,10,2019
2019-10-02,1.8,24.7,0,NNW,43,11:49:00,15.4,49,8,NA,Calm,1028.9,24.3,24,6,W,22,1024.6,10,2019
2019-10-03,4.2,28,0,NNW,39,13:26:00,16.3,44,8,NNW,2,1026,27.2,19,6,WNW,20,1020.9,10,2019
2019-10-04,5.7,28.1,0,WNW,44,10:32:00,21,33,8,NNW,17,1019.9,25.7,27,5,WNW,31,1016.3,10,2019
2019-10-05,12.1,19.2,4,ENE,33,12:00:00,13.3,84,8,E,13,1023,18.1,53,7,ENE,17,1020.2,10,2019
2019-10-06,11.4,30.4,0,N,61,12:28:00,13.9,87,1,SE,7,1016.8,28.8,25,6,NNW,39,1009.1,10,2019
2019-10-07,8.6,23.7,0,NW,54,11:45:00,18.4,51,8,NNW,19,1012.1,22.2,34,6,NNW,31,1010.1,10,2019
2019-10-08,8.4,18.7,0,W,54,14:17:00,14.4,55,8,WNW,28,1011.3,12.3,63,8,WNW,26,1011.6,10,2019
2019-10-09,1.7,16.3,11.2,S,39,07:47:00,7.6,63,8,S,30,1023.1,15.8,42,2,S,6,1021,10,2019
2019-10-10,1,19.2,0,E,43,18:23:00,8.6,66,8,S,9,1023.6,18.2,31,1,W,13,1019.4,10,2019
2019-10-11,8.5,17.1,0,ESE,41,12:27:00,12,69,8,ESE,13,1019.5,15.8,48,5,SE,26,1015.8,10,2019
2019-10-12,6.6,15.9,0,ESE,30,07:52:00,10.5,63,8,ESE,19,1019.3,14.1,48,8,SE,11,1017.1,10,2019
2019-10-13,1.8,19.8,0,N,28,13:18:00,10.2,69,8,SSE,6,1020.8,18.4,31,1,SW,9,1017.3,10,2019
2019-10-14,4.3,22.7,0,SSW,33,17:54:00,10.2,77,8,S,7,1017.3,21.3,32,5,WSW,13,1013.7,10,2019
2019-10-15,6.6,28,0,NW,56,14:34:00,13.9,60,5,S,6,1013.4,26.5,29,6,N,30,1009.2,10,2019
2019-10-16,7.8,24.8,0,NNW,67,13:47:00,16.8,64,1,W,9,1012.3,23.5,28,7,NW,46,1008.4,10,2019
2019-10-17,9.5,16.1,4.8,WNW,69,13:26:00,14.1,72,8,NNW,26,1008.2,14.5,34,6,WNW,41,1008.9,10,2019
2019-10-18,5.8,21,0,NNW,52,13:18:00,11.7,48,8,NW,17,1017.4,19.7,21,6,WNW,31,1014.2,10,2019
2019-10-19,8.8,19.2,0,NW,78,11:47:00,16,42,8,WNW,37,1013.7,17.3,29,6,WNW,43,1013.4,10,2019
2019-10-20,-0.2,20.9,0,N,30,14:02:00,9.8,51,8,ENE,2,1022.1,20.2,23,6,NNW,13,1020,10,2019
2019-10-21,3.1,26.7,0,ENE,33,18:16:00,13.5,53,8,SW,7,1027,25.1,19,6,WSW,9,1023.2,10,2019
2019-10-22,5.8,28.5,0,E,41,18:10:00,15,57,8,SW,6,1026,27.4,14,6,NNW,17,1021.2,10,2019
2019-10-23,5.8,29.2,0,SW,80,12:16:00,14.9,67,8,NA,Calm,1023.8,28.5,11,6,WNW,31,1019.1,10,2019
2019-10-24,6.8,31.2,0,W,39,14:26:00,17.4,32,8,SE,4,1020.4,30.3,12,6,WNW,20,1016.1,10,2019
2019-10-25,9.1,31.1,0,NNW,91,13:58:00,20.2,33,7,S,9,1013.6,29.9,18,6,NNW,61,1007.7,10,2019
2019-10-26,12.3,18.2,7.6,NW,78,12:55:00,15.1,48,8,WNW,31,1006.2,17.7,32,2,WNW,52,1006,10,2019
2019-10-27,4.6,20.5,0,NNW,43,12:23:00,11.8,45,8,NW,22,1015.1,19.1,25,3,NW,31,1013.8,10,2019
2019-10-28,3.7,22.9,0,W,39,13:58:00,12.7,52,8,SW,9,1022.8,21.4,21,6,W,13,1021,10,2019
2019-10-29,5.6,27.4,0,NNW,50,13:47:00,15.1,64,8,NA,Calm,1023.7,25.5,24,6,NNW,20,1018.8,10,2019
2019-10-30,8.8,29.3,0,W,28,12:03:00,16.2,47,8,ESE,6,1020.2,28.6,13,6,NNE,13,1016.6,10,2019
2019-10-31,7,31.7,0,NE,41,18:29:00,19.1,42,8,SSE,6,1019,30.2,11,6,W,15,1015.2,10,2019
2019-11-01,10.4,32.5,0,NNW,39,13:08:00,19.8,34,8,NA,Calm,1017.9,30.2,15,6,ENE,9,1012.6,11,2019
2019-11-02,13.9,31.3,0,N,63,12:21:00,21.5,42,7,NA,Calm,1015.9,30.8,21,2,NNW,33,1011.3,11,2019
2019-11-03,15.8,25.8,0,NNW,57,09:52:00,20.9,65,4,W,7,1013.8,17.5,85,8,SSW,6,1010.9,11,2019
2019-11-04,11.5,22.6,12.4,WNW,56,13:15:00,16.3,71,3,NNW,19,1014.2,20.4,33,2,WNW,33,1012.7,11,2019
2019-11-05,8.6,19,0.2,S,35,07:17:00,11.2,55,2,S,24,1015.6,16.6,35,7,NNW,17,1013.6,11,2019
2019-11-06,7.2,23.7,0,NW,70,17:00:00,14.8,40,8,NNW,19,1012.6,22.4,25,6,NW,41,1007.9,11,2019
2019-11-07,11.3,19.4,0,WNW,70,08:42:00,13,46,8,WNW,39,1005.9,17.9,35,1,WNW,37,1005.1,11,2019
2019-11-08,12.7,18.8,0,NW,72,10:47:00,14.9,48,1,WNW,35,1001.8,13.9,64,8,WNW,30,1002.2,11,2019
2019-11-09,1.6,16.7,0,WNW,56,13:34:00,9,41,8,WSW,13,1011.8,14.4,34,1,WNW,35,1009.8,11,2019
2019-11-10,8.4,20.4,0,NNW,54,11:56:00,13.8,52,1,NW,31,1011.9,19.1,40,6,WNW,33,1011.3,11,2019
2019-11-11,3.7,26.4,0,NW,50,11:54:00,16.9,53,8,NNW,11,1015.3,24.9,19,6,WNW,24,1011.6,11,2019
2019-11-12,5.8,26.6,0,NW,67,14:07:00,22.3,19,8,NW,39,1006.3,23.5,21,8,WNW,33,1003.5,11,2019
2019-11-13,6.7,20.8,0,WNW,50,16:27:00,11.3,34,8,WNW,20,1013,19.4,23,6,WNW,35,1010.6,11,2019
2019-11-14,7.1,24.7,0,NW,52,13:53:00,15.8,43,8,WNW,19,1014.9,23,28,6,WNW,35,1011.1,11,2019
2019-11-15,11.8,25.7,0,NW,61,13:38:00,17.2,43,8,WNW,20,1010.9,24.3,18,6,WNW,35,1007.8,11,2019
2019-11-16,8.4,25.7,0,NW,50,13:45:00,16.4,40,8,NE,7,1014.5,24.3,13,6,NW,28,1011.8,11,2019
2019-11-17,9.6,25.1,0,E,52,17:08:00,15,59,1,S,11,1016.6,23.3,17,1,NW,11,1013.2,11,2019
2019-11-18,6.8,27,0,NNW,59,12:36:00,16,48,8,NW,17,1017.5,25.9,18,6,WNW,30,1013,11,2019
2019-11-19,8.4,32.5,0,WNW,57,12:15:00,24.1,22,8,NW,13,1012.7,30.8,10,6,NW,35,1009.3,11,2019
2019-11-20,8.4,31.4,0,ENE,33,19:15:00,16.7,56,8,NE,9,1017,29.6,17,6,E,9,1013.4,11,2019
2019-11-21,10.9,39,0,NNW,54,14:11:00,23.6,37,8,SE,4,1015,38.2,7,6,NW,30,1009.2,11,2019
2019-11-22,16.9,34.9,0,NW,52,13:52:00,27.7,24,8,N,15,1012.2,33.4,18,8,NW,31,1010.7,11,2019
2019-11-23,12.9,33.1,0,NNW,54,12:39:00,20.8,51,8,NNE,13,1014.6,31.5,8,6,WNW,26,1011.8,11,2019
2019-11-24,8.1,28.6,0,NNE,39,13:34:00,16.2,60,8,ENE,13,1019.1,24.5,37,6,NE,13,1013.9,11,2019
2019-11-25,10.7,31.5,0,NW,52,11:07:00,20.8,57,8,NNW,15,1012.2,31,24,1,NW,31,1007.7,11,2019
2019-11-26,15.4,27.3,0,NW,89,11:07:00,23.2,48,7,NNW,30,1002.4,18.6,35,8,WNW,46,1003.2,11,2019
2019-11-27,1.6,27.1,0,NW,43,15:45:00,11.8,40,8,NW,7,1015.7,25.2,14,6,NNW,30,1012.5,11,2019
2019-11-28,5.6,30.3,0,N,46,12:32:00,17.3,24,8,NNW,6,1016.5,28.3,8,6,NNE,19,1013,11,2019
2019-11-29,12.6,33.1,0,N,65,12:35:00,20.5,42,8,SSW,2,1014.9,32.5,8,6,W,24,1009.8,11,2019
2019-11-30,11.8,23.8,0,NW,69,12:12:00,20.5,47,8,E,7,1009.2,20.3,42,8,NW,30,1006.9,11,2019
2019-12-01,4.6,21.5,0,NW,63,11:28:00,15.2,37,8,NW,20,1004.8,18.6,30,8,WNW,37,998.8,12,2019
2019-12-02,7.4,15.1,0.6,WNW,57,11:17:00,10.4,65,8,WNW,26,992.3,11.1,69,8,WSW,33,994.8,12,2019
2019-12-03,8.5,20.8,0.6,W,61,04:17:00,13.2,44,8,WNW,31,1004.9,19.1,32,6,WNW,41,1003.5,12,2019
2019-12-04,12.6,24.1,0,WNW,57,14:39:00,16.6,37,8,WNW,31,1008.4,22.9,18,6,WNW,35,1007,12,2019
2019-12-05,11.2,28.2,0,WNW,63,12:37:00,20.4,31,8,NW,28,1008.6,27.3,12,6,WNW,35,1005,12,2019
2019-12-06,15.7,28,0,WNW,50,11:35:00,21,26,8,NNW,20,1006,27.2,10,6,W,30,1005.2,12,2019
2019-12-07,11.1,29.7,0,WSW,52,13:04:00,20.7,19,8,WNW,17,1011.8,29.1,12,6,WSW,17,1008.7,12,2019
2019-12-08,11.1,29.9,0,ENE,43,16:29:00,18.3,61,7,NNE,7,1017.9,28.7,23,6,NNE,13,1015.3,12,2019
2019-12-09,14.9,34.9,0,NW,46,12:45:00,19.8,63,8,NW,6,1019.8,32.6,19,3,WNW,22,1014.7,12,2019
2019-12-10,12.2,38.1,0,NW,59,12:51:00,24.3,30,8,NA,Calm,1013.8,37.5,6,6,WNW,35,1010.2,12,2019
2019-12-11,11.3,32.7,0,NNW,44,14:58:00,15.9,62,7,E,15,1015.6,29.6,17,6,NNW,19,1009.9,12,2019
2019-12-12,12.8,30.5,0,ENE,57,16:32:00,18,53,8,SE,7,1013,27.2,26,6,W,11,1008.7,12,2019
2019-12-13,12.8,27.8,0,E,48,17:25:00,16.2,62,3,NNE,13,1013.7,25.6,29,2,N,17,1009.3,12,2019
2019-12-14,9.2,29.6,0,W,48,12:16:00,16.7,67,8,WNW,7,1011.4,28.9,22,4,W,33,1007.4,12,2019
2019-12-15,12.9,29,0,W,54,15:06:00,18.8,58,8,NNW,17,1009.3,26.2,22,1,WNW,13,1006.4,12,2019
2019-12-16,10.6,32,0,E,48,15:25:00,22.1,24,8,SE,9,1010.3,29.8,16,6,NW,11,1009.8,12,2019
2019-12-17,12.1,32.5,0,E,48,17:49:00,17.6,54,8,SE,9,1019.2,30.7,21,6,ENE,15,1015.2,12,2019
2019-12-18,12.2,36.8,0,NW,43,15:03:00,22.2,43,8,S,7,1019.4,36.3,15,6,WNW,20,1013.9,12,2019
2019-12-19,15.8,39.3,0,E,54,18:13:00,26.5,27,1,NA,Calm,1015.4,37.6,12,1,W,26,1012.9,12,2019
2019-12-20,12.8,39,0,N,39,15:16:00,21.9,27,8,SSE,7,1019.3,37.2,10,8,NW,9,1013.2,12,2019
2019-12-21,14.7,41.1,0,WNW,46,12:47:00,23.3,52,8,NA,Calm,1013.6,40.1,12,3,W,28,1009.9,12,2019
2019-12-22,15.5,24.9,0,ENE,43,15:57:00,18,64,8,E,17,1019.6,23.9,40,1,NE,28,1017.6,12,2019
2019-12-23,8.6,32.4,0,NE,31,12:06:00,15.3,67,8,SSE,6,1020.1,30,20,1,NNE,17,1013.4,12,2019
2019-12-24,15.3,28.8,0,NE,44,14:41:00,20.3,53,8,SE,13,1014.5,27.9,37,6,ENE,26,1012,12,2019
2019-12-25,15.1,32.2,0,ENE,43,20:09:00,19,65,8,SSW,9,1017,29.7,28,6,N,17,1012.9,12,2019
2019-12-26,15.6,35,0,E,44,17:15:00,22.7,58,8,ESE,6,1018.1,33.4,21,1,WNW,17,1014.5,12,2019
2019-12-27,15.3,36.8,0,E,43,18:05:00,23,48,8,SE,7,1019.5,35.4,18,6,NNW,17,1015,12,2019
2019-12-28,17.1,37.7,0,NW,52,12:47:00,25,42,8,SW,4,1018.1,35.6,13,6,WNW,26,1014.3,12,2019
2019-12-29,19.6,36.1,0,WNW,33,15:55:00,27,32,6,WSW,6,1017.4,34,18,7,W,17,1015.3,12,2019
2019-12-30,17.6,39.8,0,NW,56,13:48:00,25.7,33,8,ESE,7,1015.1,38.5,8,1,NW,30,1009.9,12,2019
2019-12-31,19.8,38,0,NW,74,09:32:00,31.6,14,8,NNW,33,1007.7,36.7,9,8,NW,35,1005.4,12,2019
2020-01-01,13.5,33.2,0.2,NW,37,15:25:00,17.3,32,8,ESE,7,1013.6,32.3,14,8,NNW,22,1010.3,1,2020
2020-01-02,10.7,33.2,0,E,41,18:09:00,15.7,64,7,SSE,11,1018.7,31.7,19,8,NNW,11,1013.9,1,2020
2020-01-03,15.6,37.8,0,NW,56,13:59:00,20.2,64,8,SW,7,1015.9,36.7,14,6,NW,26,1010.7,1,2020
2020-01-04,18.5,44,0,NNW,67,16:17:00,26.9,55,8,WSW,6,1010.4,42.3,9,6,WNW,31,1005.6,1,2020
2020-01-05,17.3,21.7,0,ESE,46,15:20:00,17.7,56,8,ESE,17,1017.4,19.4,55,7,ESE,28,1017.7,1,2020
2020-01-06,14.3,21.5,0,E,33,18:13:00,16.2,74,7,E,15,1020,20.5,63,8,E,15,1016.8,1,2020
2020-01-07,15,35,0.4,NW,46,12:58:00,21.3,67,8,SSE,6,1014.8,33.6,26,1,WNW,24,1010.7,1,2020
2020-01-08,16.3,34.9,0,NNW,52,13:38:00,21.5,67,8,SSE,9,1015.2,34.1,27,1,N,13,1010.9,1,2020
2020-01-09,15.7,26.1,0,ESE,43,14:14:00,20.7,62,8,ESE,15,1017.3,23.7,53,7,ESE,31,1015.9,1,2020
2020-01-10,17.8,39.4,0,NW,48,14:04:00,21.6,67,8,NNW,7,1011.5,38.1,20,6,NW,24,1004.6,1,2020
2020-01-11,15.5,28.3,0.2,SW,61,23:08:00,17.3,60,8,SSE,19,1011.8,26,38,8,NNW,9,1009.5,1,2020
2020-01-12,14.4,22.1,0,E,41,17:54:00,15,61,8,SSE,13,1017.5,19.9,53,8,ENE,22,1016.6,1,2020
2020-01-13,9.7,26.9,0,ENE,39,19:09:00,16.1,58,8,WNW,7,1019.3,24.5,33,1,NNE,15,1015.2,1,2020
2020-01-14,12.7,32.1,0,E,48,18:01:00,18.6,65,8,SSE,9,1017.3,30.8,23,8,NNE,19,1012.9,1,2020
2020-01-15,15.3,33.2,0,NW,50,15:28:00,20.3,59,8,ESE,9,1013.9,31.1,29,1,NNW,26,1008.6,1,2020
2020-01-16,15.9,29.3,1,ESE,48,15:59:00,21.7,69,8,E,4,1007.5,27.1,41,6,NNE,19,1004.3,1,2020
2020-01-17,16.5,24.8,4,ESE,43,15:12:00,18.2,76,8,SSE,11,1009.9,23.6,54,4,ESE,28,1009.2,1,2020
2020-01-18,17.1,25.3,0,ESE,52,14:32:00,18.1,67,8,SE,15,1011.4,25.1,46,6,E,30,1008.1,1,2020
2020-01-19,13.6,31.3,0,ESE,50,17:00:00,18.5,71,7,E,11,1008.2,28.6,31,5,NNE,15,1003.2,1,2020
2020-01-20,16,27.9,4.4,NNW,117,11:48:00,19.9,79,8,SSE,9,1002.9,20.9,55,3,SW,6,1000.8,1,2020
2020-01-21,14,27.6,2.6,NW,44,15:08:00,18.9,64,8,NNW,26,1006.5,26.5,39,8,WNW,24,1006.3,1,2020
2020-01-22,11.8,34.3,0,NW,59,10:50:00,20.9,56,8,ESE,2,1010.1,31.7,19,6,NW,31,1005.9,1,2020
2020-01-23,19.1,34.9,0,NNW,83,10:11:00,31.3,14,8,NNW,46,998.9,28.1,36,4,NW,48,1000,1,2020
2020-01-24,14.8,28.8,3.2,NW,56,11:04:00,19.5,50,8,NW,20,1010.1,27.3,23,6,WNW,31,1008.8,1,2020
2020-01-25,16.4,33.7,0,NW,50,12:42:00,21.9,69,8,NNW,7,1013.6,31.8,16,6,NW,30,1010.3,1,2020
2020-01-26,16.9,34.7,0,NW,50,11:58:00,23.9,72,8,NW,9,1012.4,33.3,14,6,W,26,1010.1,1,2020
2020-01-27,14.2,35.9,0,E,54,19:46:00,21.1,66,8,ENE,4,1014.9,34.7,13,6,WNW,28,1010.2,1,2020
2020-01-28,20.5,34.4,0,E,44,19:33:00,23.5,69,1,NNW,6,1012.7,33.2,11,6,WNW,28,1010.5,1,2020
2020-01-29,13.3,32,0,ENE,44,18:49:00,19.8,64,8,SSW,7,1016.4,30.8,23,8,W,9,1013.4,1,2020
2020-01-30,13.4,37.3,0,NNW,30,14:46:00,19.4,64,7,ESE,9,1016.9,35.5,13,6,W,17,1012.4,1,2020
2020-01-31,16.7,41.9,0,NNW,48,13:30:00,26,37,8,ESE,4,1015.2,39.6,15,6,WNW,20,1010.9,1,2020
2020-02-01,25.5,42.7,0,W,61,13:04:00,34.5,28,8,NNW,30,1011.7,40.5,17,1,WNW,33,1008.2,2,2020
2020-02-02,26.7,33.7,0,W,59,15:29:00,32.2,37,8,WNW,24,1007.6,31.2,48,1,WNW,30,1006.4,2,2020
2020-02-03,15.3,29.2,0,WNW,52,11:43:00,20.2,44,8,NW,24,1007.2,27.7,17,6,W,33,1004.4,2,2020
2020-02-04,7,25.3,0,E,44,17:06:00,12.8,41,8,S,20,1019.3,24,18,6,E,19,1017,2,2020
2020-02-05,10,29.1,0,E,52,17:48:00,16.2,65,8,N,4,1020.3,27.5,25,6,NW,9,1015,2,2020
2020-02-06,15.7,25.4,0,ENE,41,16:47:00,18.4,70,8,SE,13,1022,24.6,43,8,ENE,20,1020.1,2,2020
2020-02-07,16.4,23.7,0.8,E,54,17:54:00,18.4,90,8,SSE,13,1021.5,21.2,68,8,ESE,20,1020,2,2020
2020-02-08,16.3,23.9,1.8,SE,57,10:55:00,18.4,78,8,SE,20,1020.6,21.5,59,8,SE,39,1018.7,2,2020
2020-02-09,15.5,18.4,3.4,SE,63,14:39:00,16.8,84,8,ESE,28,1017,17.7,74,8,SE,31,1013.3,2,2020
2020-02-10,15.4,27.6,60.4,ENE,39,21:09:00,17.2,100,8,S,17,1008.6,25.9,57,8,E,26,1006.5,2,2020
2020-02-11,17.2,28.7,0,NNE,43,14:48:00,21.6,80,8,NA,Calm,1009.1,27.5,48,6,NNW,22,1006.2,2,2020
2020-02-12,17.3,28.2,0.2,ESE,41,12:37:00,21.7,73,7,SE,11,1011,26.4,50,8,ESE,28,1010,2,2020
2020-02-13,19.4,27.4,0,ENE,43,14:29:00,20.9,78,8,S,15,1012.5,26.7,54,8,E,26,1009.9,2,2020
2020-02-14,14.5,29.2,2.6,ENE,28,20:03:00,19.1,76,8,SSE,9,1010.6,27.4,44,6,WSW,9,1006.1,2,2020
2020-02-15,18.1,29.8,0,S,54,21:33:00,19.7,83,8,ENE,6,1006.1,23.7,64,8,WNW,20,1004.7,2,2020
2020-02-16,15.9,26,6.8,ESE,46,16:53:00,19.2,71,8,SE,15,1014.1,24.2,54,6,ENE,22,1012.3,2,2020
2020-02-17,16.6,26.3,0,ENE,33,17:37:00,18.3,77,8,ESE,9,1014.6,25.2,60,1,NE,15,1010.8,2,2020
2020-02-18,17.8,31.2,0,WNW,57,18:40:00,20.9,83,8,N,17,1008.6,29.3,46,8,NW,26,1003.7,2,2020
2020-02-19,14.5,21.1,4,WNW,56,14:58:00,16.4,60,8,WNW,22,1003.4,19.5,48,1,WNW,35,1004.3,2,2020
2020-02-20,11,25.4,0,ENE,39,19:22:00,15.1,59,8,SE,11,1010.1,23.5,34,6,WNW,13,1009,2,2020
2020-02-21,12.1,26.5,0,E,56,17:04:00,16.6,71,7,ESE,6,1015.3,24.3,34,6,NNW,17,1013.6,2,2020
2020-02-22,13.9,26.3,0,ENE,41,16:29:00,15.5,68,2,SE,7,1022.9,23.4,45,1,NNE,22,1020.3,2,2020
2020-02-23,12.7,26.5,0,N,26,11:38:00,17.6,73,8,NA,Calm,1023.8,24.6,46,6,N,19,1020.7,2,2020
2020-02-24,13.9,29.7,0,ESE,33,17:35:00,19.2,70,8,ESE,9,1020.3,27.8,38,8,WNW,13,1016.4,2,2020
2020-02-25,12.7,30.6,0,NW,37,14:34:00,18.6,65,8,NA,Calm,1016.3,29.4,37,1,NW,19,1011.5,2,2020
2020-02-26,18,29.8,0,NA,43,NA,21.9,69,8,NNW,26,1006.5,28.2,30,1,WNW,41,1003.2,2,2020
2020-02-27,10.3,26.2,0,NNW,39,13:38:00,14.7,76,5,N,9,1010.3,24.7,23,6,NW,24,1006.1,2,2020
2020-02-28,6.8,28.3,0,ENE,50,17:50:00,13.8,44,8,N,6,1010.6,27.2,22,6,WNW,7,1009.4,2,2020
2020-02-29,10.5,26.7,0,N,28,16:41:00,16.3,73,8,NA,Calm,1016.3,24.6,39,1,WNW,9,1012.8,2,2020
